id,group_id,member_id,category_id,transaction_at,transaction_type,amount,currency_code,merchant_name,is_shared_expense,is_planned,is_recurring,is_excluded,category_source,category_confidence,source_type,source_row_key,created_at,updated_at
8b0a6814-fbe7-56fe-9e5c-304c3365cdd1,bed2124b-4f88-5ee2-ae55-d9658f641eff,d3d649d6-39d9-546a-844d-2aecdec8d2a5,78ad0112-4e57-4f44-aafc-c32ac479ff8b,2026-06-01T23:05:00+09:00,WITHDRAWAL,31400,KRW,예술의전당,TRUE,TRUE,FALSE,FALSE,RULE,1,MOCK,SCN-01-TXN-0001,2026-06-01T23:05:00+09:00,2026-06-01T23:05:00+09:00
949ec35c-5af0-51ad-a2e6-005c1350a85f,bed2124b-4f88-5ee2-ae55-d9658f641eff,27174fc8-9e82-5a6d-abca-74a3d4eba7a1,ccb161ba-aa23-4178-acc3-24fc4dfd96dc,2026-06-27T07:10:00+09:00,WITHDRAWAL,92200,KRW,SK렌터카,TRUE,TRUE,FALSE,FALSE,RULE,1,MOCK,SCN-01-TXN-0002,2026-06-27T07:10:00+09:00,2026-06-27T07:10:00+09:00
ca5338c6-95bb-5c5c-b25b-cf12d924bc56,bed2124b-4f88-5ee2-ae55-d9658f641eff,27174fc8-9e82-5a6d-abca-74a3d4eba7a1,ffd53a1e-2440-47a7-96d1-5fd939b23f93,2026-06-14T07:45:00+09:00,WITHDRAWAL,213500,KRW,아시아나항공,TRUE,TRUE,FALSE,FALSE,RULE,1,MOCK,SCN-01-TXN-0003,2026-06-14T07:45:00+09:00,2026-06-14T07:45:00+09:00
8625da5e-b0fb-5465-9348-d85cbb6a119d,bed2124b-4f88-5ee2-ae55-d9658f641eff,d3d649d6-39d9-546a-844d-2aecdec8d2a5,8092f436-2059-4df5-9387-2a95d266b57c,2026-05-06T11:05:00+09:00,WITHDRAWAL,4300,KRW,투썸플레이스,TRUE,FALSE,FALSE,FALSE,RULE,1,MOCK,SCN-01-TXN-0004,2026-05-06T11:05:00+09:00,2026-05-06T11:05:00+09:00
52799a75-3e97-5023-8ee3-2230289c88d6,bed2124b-4f88-5ee2-ae55-d9658f641eff,c7fac780-11ce-5f66-8edc-82b4d2b9e5a3,78ad0112-4e57-4f44-aafc-c32ac479ff8b,2026-07-25T23:05:00+09:00,WITHDRAWAL,22000,KRW,국립중앙박물관,TRUE,TRUE,TRUE,FALSE,RULE,1,MOCK,SCN-01-TXN-0005,2026-07-25T23:05:00+09:00,2026-07-25T23:05:00+09:00
dea0ff8e-8dec-5da9-bfbd-bf291fe7ef8f,bed2124b-4f88-5ee2-ae55-d9658f641eff,27174fc8-9e82-5a6d-abca-74a3d4eba7a1,6cc93ee2-deb4-4cab-bc1c-a303141f434e,2026-05-30T12:40:00+09:00,WITHDRAWAL,18900,KRW,한솥도시락,FALSE,TRUE,TRUE,FALSE,RULE,1,MOCK,SCN-01-TXN-0006,2026-05-30T12:40:00+09:00,2026-05-30T12:40:00+09:00
c826d8cd-40b5-53e8-9f92-6a90c9dd82de,bed2124b-4f88-5ee2-ae55-d9658f641eff,c7fac780-11ce-5f66-8edc-82b4d2b9e5a3,ccb161ba-aa23-4178-acc3-24fc4dfd96dc,2026-07-11T16:40:00+09:00,WITHDRAWAL,79000,KRW,SK렌터카,TRUE,FALSE,FALSE,FALSE,RULE,1,MOCK,SCN-01-TXN-0007,2026-07-11T16:40:00+09:00,2026-07-11T16:40:00+09:00
387e0e76-02c4-5c8c-a6fb-45f521bbe858,bed2124b-4f88-5ee2-ae55-d9658f641eff,b76ad890-d0a8-5515-8e56-4cddb903a806,ffd53a1e-2440-47a7-96d1-5fd939b23f93,2026-05-09T22:45:00+09:00,WITHDRAWAL,178700,KRW,제주항공,TRUE,TRUE,FALSE,FALSE,RULE,1,MOCK,SCN-01-TXN-0008,2026-05-09T22:45:00+09:00,2026-05-09T22:45:00+09:00
bd2190ae-d608-5936-a805-dd9328ad506f,bed2124b-4f88-5ee2-ae55-d9658f641eff,27174fc8-9e82-5a6d-abca-74a3d4eba7a1,78ad0112-4e57-4f44-aafc-c32ac479ff8b,2026-07-22T20:40:00+09:00,WITHDRAWAL,41100,KRW,교보문고,TRUE,TRUE,TRUE,FALSE,RULE,1,MOCK,SCN-01-TXN-0009,2026-07-22T20:40:00+09:00,2026-07-22T20:40:00+09:00
5458ef1c-bed6-568a-8f2f-26df73f9f2d1,bed2124b-4f88-5ee2-ae55-d9658f641eff,b76ad890-d0a8-5515-8e56-4cddb903a806,fd5bb6d0-c4ca-481d-8483-75224fb65b9f,2026-06-08T15:15:00+09:00,WITHDRAWAL,110000,KRW,야놀자,TRUE,TRUE,FALSE,FALSE,RULE,1,MOCK,SCN-01-TXN-0010,2026-06-08T15:15:00+09:00,2026-06-08T15:15:00+09:00
cf657633-94cd-5fad-9856-da1df1401abf,bed2124b-4f88-5ee2-ae55-d9658f641eff,c7fac780-11ce-5f66-8edc-82b4d2b9e5a3,a8b8023a-b451-4c57-ae64-9d6ceaecb546,2026-05-31T22:05:00+09:00,WITHDRAWAL,51200,KRW,메가박스,TRUE,TRUE,FALSE,FALSE,RULE,1,MOCK,SCN-01-TXN-0011,2026-05-31T22:05:00+09:00,2026-05-31T22:05:00+09:00
0c03cc66-cd35-55f8-8792-4f27543fbb3f,bed2124b-4f88-5ee2-ae55-d9658f641eff,c7fac780-11ce-5f66-8edc-82b4d2b9e5a3,a8b8023a-b451-4c57-ae64-9d6ceaecb546,2026-06-21T17:30:00+09:00,WITHDRAWAL,51600,KRW,인터파크티켓,TRUE,TRUE,FALSE,FALSE,RULE,1,MOCK,SCN-01-TXN-0012,2026-06-21T17:30:00+09:00,2026-06-21T17:30:00+09:00
e938c2db-2daf-5188-9d7d-ad0a4782e1b0,bed2124b-4f88-5ee2-ae55-d9658f641eff,c7fac780-11ce-5f66-8edc-82b4d2b9e5a3,ffd53a1e-2440-47a7-96d1-5fd939b23f93,2026-05-10T07:15:00+09:00,WITHDRAWAL,169700,KRW,제주항공,TRUE,TRUE,TRUE,FALSE,RULE,1,MOCK,SCN-01-TXN-0013,2026-05-10T07:15:00+09:00,2026-05-10T07:15:00+09:00
130aa10a-1e82-5420-a37e-a397e5385e16,bed2124b-4f88-5ee2-ae55-d9658f641eff,b76ad890-d0a8-5515-8e56-4cddb903a806,a8b8023a-b451-4c57-ae64-9d6ceaecb546,2026-07-26T17:05:00+09:00,WITHDRAWAL,55300,KRW,인터파크티켓,TRUE,TRUE,FALSE,FALSE,RULE,1,MOCK,SCN-01-TXN-0014,2026-07-26T17:05:00+09:00,2026-07-26T17:05:00+09:00
576ccf55-c3ff-5753-a8af-50c699dc7f30,bed2124b-4f88-5ee2-ae55-d9658f641eff,b76ad890-d0a8-5515-8e56-4cddb903a806,ccb161ba-aa23-4178-acc3-24fc4dfd96dc,2026-05-24T19:05:00+09:00,WITHDRAWAL,71900,KRW,롯데렌터카,TRUE,TRUE,FALSE,FALSE,RULE,1,MOCK,SCN-01-TXN-0015,2026-05-24T19:05:00+09:00,2026-05-24T19:05:00+09:00
146c2286-c4e6-5ef2-9dcf-ed14262356b7,bed2124b-4f88-5ee2-ae55-d9658f641eff,d3d649d6-39d9-546a-844d-2aecdec8d2a5,ffd53a1e-2440-47a7-96d1-5fd939b23f93,2026-06-21T09:40:00+09:00,WITHDRAWAL,128700,KRW,대한항공,FALSE,TRUE,FALSE,FALSE,RULE,1,MOCK,SCN-01-TXN-0016,2026-06-21T09:40:00+09:00,2026-06-21T09:40:00+09:00
687ef0c7-a409-5bb7-a24f-72a1bc74b4c4,bed2124b-4f88-5ee2-ae55-d9658f641eff,b76ad890-d0a8-5515-8e56-4cddb903a806,41aedffb-9b75-468c-a6a5-b7321298d6b7,2026-07-24T09:15:00+09:00,WITHDRAWAL,169800,KRW,호텔스닷컴,TRUE,TRUE,FALSE,FALSE,RULE,1,MOCK,SCN-01-TXN-0017,2026-07-24T09:15:00+09:00,2026-07-24T09:15:00+09:00
d843aa25-371f-5b22-b5bf-6ff8178762df,bed2124b-4f88-5ee2-ae55-d9658f641eff,b76ad890-d0a8-5515-8e56-4cddb903a806,a8b8023a-b451-4c57-ae64-9d6ceaecb546,2026-07-05T19:05:00+09:00,WITHDRAWAL,38000,KRW,인터파크티켓,TRUE,TRUE,FALSE,FALSE,RULE,1,MOCK,SCN-01-TXN-0018,2026-07-05T19:05:00+09:00,2026-07-05T19:05:00+09:00
e1ee8c1e-77a2-508e-9c99-baef56247b51,bed2124b-4f88-5ee2-ae55-d9658f641eff,27174fc8-9e82-5a6d-abca-74a3d4eba7a1,3cdf72b5-3b0c-43c7-92a4-fb5261621ce6,2026-07-19T23:50:00+09:00,WITHDRAWAL,51000,KRW,꽃집,TRUE,TRUE,FALSE,FALSE,RULE,1,MOCK,SCN-01-TXN-0019,2026-07-19T23:50:00+09:00,2026-07-19T23:50:00+09:00
7482b6ba-e44d-558e-92c1-57b38a64f813,bed2124b-4f88-5ee2-ae55-d9658f641eff,c7fac780-11ce-5f66-8edc-82b4d2b9e5a3,78ad0112-4e57-4f44-aafc-c32ac479ff8b,2026-05-13T19:50:00+09:00,WITHDRAWAL,35900,KRW,국립중앙박물관,FALSE,TRUE,FALSE,FALSE,RULE,1,MOCK,SCN-01-TXN-0020,2026-05-13T19:50:00+09:00,2026-05-13T19:50:00+09:00
c2a6cecb-c08b-59ed-b3fa-3847c446a7ff,bed2124b-4f88-5ee2-ae55-d9658f641eff,c7fac780-11ce-5f66-8edc-82b4d2b9e5a3,41aedffb-9b75-468c-a6a5-b7321298d6b7,2026-07-23T17:50:00+09:00,WITHDRAWAL,160900,KRW,호텔스닷컴,FALSE,TRUE,FALSE,FALSE,RULE,1,MOCK,SCN-01-TXN-0021,2026-07-23T17:50:00+09:00,2026-07-23T17:50:00+09:00
d57e0e47-79f8-5064-9338-e1e653530c76,bed2124b-4f88-5ee2-ae55-d9658f641eff,b76ad890-d0a8-5515-8e56-4cddb903a806,47eb65b3-13f8-4e93-b055-9dd0a09bde5b,2026-06-13T23:20:00+09:00,WITHDRAWAL,79300,KRW,파티룸,FALSE,TRUE,FALSE,FALSE,RULE,1,MOCK,SCN-01-TXN-0022,2026-06-13T23:20:00+09:00,2026-06-13T23:20:00+09:00
4b2b13c8-45d3-50ec-9cc6-e39042f0b01a,bed2124b-4f88-5ee2-ae55-d9658f641eff,b76ad890-d0a8-5515-8e56-4cddb903a806,ffd53a1e-2440-47a7-96d1-5fd939b23f93,2026-05-17T11:10:00+09:00,WITHDRAWAL,272600,KRW,아시아나항공,TRUE,TRUE,FALSE,FALSE,RULE,1,MOCK,SCN-01-TXN-0023,2026-05-17T11:10:00+09:00,2026-05-17T11:10:00+09:00
95ac3be7-6194-5faf-8327-49c92d41db20,bed2124b-4f88-5ee2-ae55-d9658f641eff,b76ad890-d0a8-5515-8e56-4cddb903a806,78ad0112-4e57-4f44-aafc-c32ac479ff8b,2026-07-14T13:10:00+09:00,WITHDRAWAL,40200,KRW,예술의전당,FALSE,TRUE,FALSE,FALSE,RULE,1,MOCK,SCN-01-TXN-0024,2026-07-14T13:10:00+09:00,2026-07-14T13:10:00+09:00
c30d46b8-67f1-5709-aec6-66c5706693e2,bed2124b-4f88-5ee2-ae55-d9658f641eff,c7fac780-11ce-5f66-8edc-82b4d2b9e5a3,6cc93ee2-deb4-4cab-bc1c-a303141f434e,2026-07-11T13:10:00+09:00,WITHDRAWAL,18800,KRW,한솥도시락,TRUE,FALSE,TRUE,FALSE,RULE,1,MOCK,SCN-01-TXN-0025,2026-07-11T13:10:00+09:00,2026-07-11T13:10:00+09:00
30537ce7-1cf2-5470-9709-f9f315ea3ffe,bed2124b-4f88-5ee2-ae55-d9658f641eff,c7fac780-11ce-5f66-8edc-82b4d2b9e5a3,47eb65b3-13f8-4e93-b055-9dd0a09bde5b,2026-06-01T23:05:00+09:00,WITHDRAWAL,47900,KRW,보드게임카페,TRUE,TRUE,TRUE,FALSE,RULE,1,MOCK,SCN-01-TXN-0026,2026-06-01T23:05:00+09:00,2026-06-01T23:05:00+09:00
9daf84d9-2bd5-5603-8ae6-3f6241654762,bed2124b-4f88-5ee2-ae55-d9658f641eff,27174fc8-9e82-5a6d-abca-74a3d4eba7a1,8092f436-2059-4df5-9387-2a95d266b57c,2026-05-29T19:40:00+09:00,WITHDRAWAL,5200,KRW,메가커피,FALSE,TRUE,FALSE,FALSE,RULE,1,MOCK,SCN-01-TXN-0027,2026-05-29T19:40:00+09:00,2026-05-29T19:40:00+09:00
6310d074-3a33-536c-b678-d091e4e8ff72,bed2124b-4f88-5ee2-ae55-d9658f641eff,d3d649d6-39d9-546a-844d-2aecdec8d2a5,78ad0112-4e57-4f44-aafc-c32ac479ff8b,2026-05-15T11:10:00+09:00,WITHDRAWAL,35500,KRW,국립중앙박물관,TRUE,TRUE,FALSE,FALSE,RULE,1,MOCK,SCN-01-TXN-0028,2026-05-15T11:10:00+09:00,2026-05-15T11:10:00+09:00
05b32dec-3e2d-57b0-ab43-a860b50c34a0,bed2124b-4f88-5ee2-ae55-d9658f641eff,c7fac780-11ce-5f66-8edc-82b4d2b9e5a3,41aedffb-9b75-468c-a6a5-b7321298d6b7,2026-07-05T22:15:00+09:00,WITHDRAWAL,158100,KRW,호텔스닷컴,TRUE,TRUE,FALSE,FALSE,RULE,1,MOCK,SCN-01-TXN-0029,2026-07-05T22:15:00+09:00,2026-07-05T22:15:00+09:00
0bf3fd60-e795-518b-9aeb-00280712791a,bed2124b-4f88-5ee2-ae55-d9658f641eff,27174fc8-9e82-5a6d-abca-74a3d4eba7a1,78ad0112-4e57-4f44-aafc-c32ac479ff8b,2026-05-16T11:50:00+09:00,WITHDRAWAL,30200,KRW,국립중앙박물관,TRUE,TRUE,FALSE,FALSE,RULE,1,MOCK,SCN-01-TXN-0030,2026-05-16T11:50:00+09:00,2026-05-16T11:50:00+09:00
0298a2d3-c7e0-5820-90d5-4432239eb27a,bed2124b-4f88-5ee2-ae55-d9658f641eff,27174fc8-9e82-5a6d-abca-74a3d4eba7a1,a8b8023a-b451-4c57-ae64-9d6ceaecb546,2026-06-08T18:20:00+09:00,WITHDRAWAL,29600,KRW,인터파크티켓,TRUE,TRUE,FALSE,FALSE,RULE,1,MOCK,SCN-01-TXN-0031,2026-06-08T18:20:00+09:00,2026-06-08T18:20:00+09:00
1526c9f2-6633-540f-bc0c-c43832a3f477,bed2124b-4f88-5ee2-ae55-d9658f641eff,27174fc8-9e82-5a6d-abca-74a3d4eba7a1,ccb161ba-aa23-4178-acc3-24fc4dfd96dc,2026-06-06T17:30:00+09:00,WITHDRAWAL,95900,KRW,SK렌터카,TRUE,TRUE,FALSE,FALSE,RULE,1,MOCK,SCN-01-TXN-0032,2026-06-06T17:30:00+09:00,2026-06-06T17:30:00+09:00
83523961-9141-558a-a1ee-27d6a10e631f,bed2124b-4f88-5ee2-ae55-d9658f641eff,d3d649d6-39d9-546a-844d-2aecdec8d2a5,ccb161ba-aa23-4178-acc3-24fc4dfd96dc,2026-07-18T08:45:00+09:00,WITHDRAWAL,71200,KRW,쏘카,TRUE,TRUE,FALSE,FALSE,RULE,1,MOCK,SCN-01-TXN-0033,2026-07-18T08:45:00+09:00,2026-07-18T08:45:00+09:00
6d535751-cde9-5ff0-a053-98ad064407ee,bed2124b-4f88-5ee2-ae55-d9658f641eff,b76ad890-d0a8-5515-8e56-4cddb903a806,78ad0112-4e57-4f44-aafc-c32ac479ff8b,2026-05-29T23:50:00+09:00,WITHDRAWAL,28200,KRW,예술의전당,FALSE,TRUE,FALSE,FALSE,RULE,1,MOCK,SCN-01-TXN-0034,2026-05-29T23:50:00+09:00,2026-05-29T23:50:00+09:00
491955c7-32d7-5044-b9af-750ed2e15d58,bed2124b-4f88-5ee2-ae55-d9658f641eff,d3d649d6-39d9-546a-844d-2aecdec8d2a5,fd5bb6d0-c4ca-481d-8483-75224fb65b9f,2026-06-26T15:40:00+09:00,WITHDRAWAL,66600,KRW,야놀자,FALSE,FALSE,FALSE,FALSE,RULE,1,MOCK,SCN-01-TXN-0035,2026-06-26T15:40:00+09:00,2026-06-26T15:40:00+09:00
1eedb01f-e432-53cf-a66f-0d4522bab3de,bed2124b-4f88-5ee2-ae55-d9658f641eff,c7fac780-11ce-5f66-8edc-82b4d2b9e5a3,8092f436-2059-4df5-9387-2a95d266b57c,2026-05-10T10:20:00+09:00,WITHDRAWAL,7400,KRW,동네카페,TRUE,TRUE,FALSE,FALSE,RULE,1,MOCK,SCN-01-TXN-0036,2026-05-10T10:20:00+09:00,2026-05-10T10:20:00+09:00
a93f8d13-c004-5f16-9900-2e07d438d075,bed2124b-4f88-5ee2-ae55-d9658f641eff,d3d649d6-39d9-546a-844d-2aecdec8d2a5,ccb161ba-aa23-4178-acc3-24fc4dfd96dc,2026-05-03T16:40:00+09:00,WITHDRAWAL,127800,KRW,쏘카,TRUE,TRUE,FALSE,FALSE,RULE,1,MOCK,SCN-01-TXN-0037,2026-05-03T16:40:00+09:00,2026-05-03T16:40:00+09:00
48a8a47b-9a5d-5169-a380-98890027f37a,bed2124b-4f88-5ee2-ae55-d9658f641eff,b76ad890-d0a8-5515-8e56-4cddb903a806,fd5bb6d0-c4ca-481d-8483-75224fb65b9f,2026-06-13T13:10:00+09:00,WITHDRAWAL,53800,KRW,야놀자,FALSE,FALSE,FALSE,FALSE,RULE,1,MOCK,SCN-01-TXN-0038,2026-06-13T13:10:00+09:00,2026-06-13T13:10:00+09:00
99b3c66f-cf59-57bb-af84-cf9327b41f5b,bed2124b-4f88-5ee2-ae55-d9658f641eff,d3d649d6-39d9-546a-844d-2aecdec8d2a5,6cc93ee2-deb4-4cab-bc1c-a303141f434e,2026-05-24T21:30:00+09:00,WITHDRAWAL,15800,KRW,한솥도시락,TRUE,TRUE,FALSE,FALSE,RULE,1,MOCK,SCN-01-TXN-0039,2026-05-24T21:30:00+09:00,2026-05-24T21:30:00+09:00
1e287acd-a1c1-58c9-991d-2d069b1b2263,bed2124b-4f88-5ee2-ae55-d9658f641eff,b76ad890-d0a8-5515-8e56-4cddb903a806,fd5bb6d0-c4ca-481d-8483-75224fb65b9f,2026-06-14T18:00:00+09:00,WITHDRAWAL,201300,KRW,야놀자,TRUE,TRUE,FALSE,FALSE,RULE,1,MOCK,SCN-01-TXN-0040,2026-06-14T18:00:00+09:00,2026-06-14T18:00:00+09:00
ee113982-f23f-572f-8c61-5c73ef963a18,bed2124b-4f88-5ee2-ae55-d9658f641eff,b76ad890-d0a8-5515-8e56-4cddb903a806,78ad0112-4e57-4f44-aafc-c32ac479ff8b,2026-07-12T14:20:00+09:00,WITHDRAWAL,28800,KRW,국립중앙박물관,TRUE,TRUE,TRUE,FALSE,RULE,1,MOCK,SCN-01-TXN-0041,2026-07-12T14:20:00+09:00,2026-07-12T14:20:00+09:00
ed3c0482-9918-53cf-b06f-82e3d6b8cb79,bed2124b-4f88-5ee2-ae55-d9658f641eff,27174fc8-9e82-5a6d-abca-74a3d4eba7a1,41aedffb-9b75-468c-a6a5-b7321298d6b7,2026-06-20T10:05:00+09:00,WITHDRAWAL,142000,KRW,호텔스닷컴,TRUE,TRUE,FALSE,FALSE,RULE,1,MOCK,SCN-01-TXN-0042,2026-06-20T10:05:00+09:00,2026-06-20T10:05:00+09:00
935a574f-33be-51a0-b67a-a730f4f4c942,bed2124b-4f88-5ee2-ae55-d9658f641eff,d3d649d6-39d9-546a-844d-2aecdec8d2a5,8092f436-2059-4df5-9387-2a95d266b57c,2026-05-06T21:30:00+09:00,WITHDRAWAL,6900,KRW,투썸플레이스,TRUE,TRUE,FALSE,FALSE,RULE,1,MOCK,SCN-01-TXN-0043,2026-05-06T21:30:00+09:00,2026-05-06T21:30:00+09:00
75ac5708-9800-5764-8875-8c4448b612ba,bed2124b-4f88-5ee2-ae55-d9658f641eff,d3d649d6-39d9-546a-844d-2aecdec8d2a5,3cdf72b5-3b0c-43c7-92a4-fb5261621ce6,2026-06-25T22:20:00+09:00,WITHDRAWAL,44100,KRW,꽃집,TRUE,TRUE,FALSE,FALSE,RULE,1,MOCK,SCN-01-TXN-0044,2026-06-25T22:20:00+09:00,2026-06-25T22:20:00+09:00
e356252b-2ac5-5547-a30c-2c773ac442ba,bed2124b-4f88-5ee2-ae55-d9658f641eff,d3d649d6-39d9-546a-844d-2aecdec8d2a5,fd5bb6d0-c4ca-481d-8483-75224fb65b9f,2026-06-27T21:40:00+09:00,WITHDRAWAL,134200,KRW,야놀자,TRUE,TRUE,FALSE,FALSE,RULE,1,MOCK,SCN-01-TXN-0045,2026-06-27T21:40:00+09:00,2026-06-27T21:40:00+09:00
65db3769-76f4-530e-8850-88654434041b,bed2124b-4f88-5ee2-ae55-d9658f641eff,d3d649d6-39d9-546a-844d-2aecdec8d2a5,41aedffb-9b75-468c-a6a5-b7321298d6b7,2026-05-31T14:50:00+09:00,WITHDRAWAL,252700,KRW,호텔스닷컴,TRUE,TRUE,FALSE,FALSE,RULE,1,MOCK,SCN-01-TXN-0046,2026-05-31T14:50:00+09:00,2026-05-31T14:50:00+09:00
493c7931-7f05-5f9c-b82c-797a49ad9ee1,bed2124b-4f88-5ee2-ae55-d9658f641eff,27174fc8-9e82-5a6d-abca-74a3d4eba7a1,fd5bb6d0-c4ca-481d-8483-75224fb65b9f,2026-06-14T23:50:00+09:00,WITHDRAWAL,126600,KRW,여기어때,TRUE,TRUE,FALSE,FALSE,RULE,1,MOCK,SCN-01-TXN-0047,2026-06-14T23:50:00+09:00,2026-06-14T23:50:00+09:00
a31fa839-68db-5ca4-a03d-612f1fb54cc2,bed2124b-4f88-5ee2-ae55-d9658f641eff,c7fac780-11ce-5f66-8edc-82b4d2b9e5a3,41aedffb-9b75-468c-a6a5-b7321298d6b7,2026-06-06T10:20:00+09:00,WITHDRAWAL,245500,KRW,호텔스닷컴,TRUE,TRUE,TRUE,FALSE,RULE,1,MOCK,SCN-01-TXN-0048,2026-06-06T10:20:00+09:00,2026-06-06T10:20:00+09:00
744070e9-0b9b-5f2f-8620-5bb492ba2cf3,bed2124b-4f88-5ee2-ae55-d9658f641eff,d3d649d6-39d9-546a-844d-2aecdec8d2a5,41aedffb-9b75-468c-a6a5-b7321298d6b7,2026-05-17T14:05:00+09:00,WITHDRAWAL,103400,KRW,호텔스닷컴,TRUE,FALSE,FALSE,FALSE,RULE,1,MOCK,SCN-01-TXN-0049,2026-05-17T14:05:00+09:00,2026-05-17T14:05:00+09:00
ec64a1fc-46a1-50e5-938e-6df0ef264834,bed2124b-4f88-5ee2-ae55-d9658f641eff,b76ad890-d0a8-5515-8e56-4cddb903a806,ccb161ba-aa23-4178-acc3-24fc4dfd96dc,2026-07-02T23:00:00+09:00,WITHDRAWAL,145100,KRW,SK렌터카,FALSE,TRUE,FALSE,FALSE,RULE,1,MOCK,SCN-01-TXN-0050,2026-07-02T23:00:00+09:00,2026-07-02T23:00:00+09:00
53abf1dd-1761-5991-ae55-a4bc83c27c03,156e269b-ea27-5fff-8ebb-34800c8c6633,7f9326bc-4425-5324-a877-f8fb47b4ffab,3cdf72b5-3b0c-43c7-92a4-fb5261621ce6,2026-06-23T16:15:00+09:00,WITHDRAWAL,59700,KRW,카카오톡선물하기,FALSE,TRUE,TRUE,FALSE,RULE,1,MOCK,SCN-02-TXN-0001,2026-06-23T16:15:00+09:00,2026-06-23T16:15:00+09:00
e582b170-f0c0-5f0b-a5ca-15e4da7f56a0,156e269b-ea27-5fff-8ebb-34800c8c6633,7f9326bc-4425-5324-a877-f8fb47b4ffab,fd45205e-6d91-4e13-8026-528dc6490eee,2026-05-31T08:10:00+09:00,WITHDRAWAL,21500,KRW,무인양품,TRUE,TRUE,TRUE,FALSE,RULE,1,MOCK,SCN-02-TXN-0002,2026-05-31T08:10:00+09:00,2026-05-31T08:10:00+09:00
34d56b9f-6912-5dfd-8023-9b923f46acbb,156e269b-ea27-5fff-8ebb-34800c8c6633,7f9326bc-4425-5324-a877-f8fb47b4ffab,ab33986b-9f5c-4880-a7ee-7fcddac28f39,2026-07-27T11:15:00+09:00,WITHDRAWAL,66200,KRW,롯데마트,TRUE,TRUE,TRUE,FALSE,RULE,1,MOCK,SCN-02-TXN-0003,2026-07-27T11:15:00+09:00,2026-07-27T11:15:00+09:00
a222e158-2e8f-5ce1-ba74-98d683b012b0,156e269b-ea27-5fff-8ebb-34800c8c6633,2d993649-e737-5205-80da-2adb2fc57884,ab33986b-9f5c-4880-a7ee-7fcddac28f39,2026-06-29T13:20:00+09:00,WITHDRAWAL,62800,KRW,롯데마트,TRUE,TRUE,TRUE,FALSE,RULE,1,MOCK,SCN-02-TXN-0004,2026-06-29T13:20:00+09:00,2026-06-29T13:20:00+09:00
bdec211c-da5f-5f2d-84a2-869be8f18e9a,156e269b-ea27-5fff-8ebb-34800c8c6633,2d993649-e737-5205-80da-2adb2fc57884,6cc93ee2-deb4-4cab-bc1c-a303141f434e,2026-05-04T23:00:00+09:00,WITHDRAWAL,18100,KRW,본죽,TRUE,FALSE,TRUE,FALSE,RULE,1,MOCK,SCN-02-TXN-0005,2026-05-04T23:00:00+09:00,2026-05-04T23:00:00+09:00
dc563ea3-ee56-5b5b-948d-21d294be2289,156e269b-ea27-5fff-8ebb-34800c8c6633,2d993649-e737-5205-80da-2adb2fc57884,c0b5ffc8-9200-4be2-9b67-f8d77d8e7444,2026-07-14T14:05:00+09:00,WITHDRAWAL,22500,KRW,상수도사업본부,TRUE,TRUE,TRUE,FALSE,RULE,1,MOCK,SCN-02-TXN-0006,2026-07-14T14:05:00+09:00,2026-07-14T14:05:00+09:00
9380b6cb-b368-52c8-9c01-59cd6ec8fcaa,156e269b-ea27-5fff-8ebb-34800c8c6633,2d993649-e737-5205-80da-2adb2fc57884,6cc93ee2-deb4-4cab-bc1c-a303141f434e,2026-07-10T18:30:00+09:00,WITHDRAWAL,16800,KRW,본죽,FALSE,TRUE,TRUE,FALSE,RULE,1,MOCK,SCN-02-TXN-0007,2026-07-10T18:30:00+09:00,2026-07-10T18:30:00+09:00
773923e6-9ebb-5c3c-9aa5-b9bba390ef4e,156e269b-ea27-5fff-8ebb-34800c8c6633,7f9326bc-4425-5324-a877-f8fb47b4ffab,40e4f314-39c2-4b5a-9726-925349fdb30e,2026-07-03T07:15:00+09:00,WITHDRAWAL,85100,KRW,한국전력,TRUE,TRUE,TRUE,FALSE,RULE,1,MOCK,SCN-02-TXN-0008,2026-07-03T07:15:00+09:00,2026-07-03T07:15:00+09:00
375bcb8b-2bce-59b5-a45a-4ed7325fe2af,156e269b-ea27-5fff-8ebb-34800c8c6633,7f9326bc-4425-5324-a877-f8fb47b4ffab,ab33986b-9f5c-4880-a7ee-7fcddac28f39,2026-06-09T15:40:00+09:00,WITHDRAWAL,73900,KRW,롯데마트,FALSE,TRUE,FALSE,FALSE,RULE,1,MOCK,SCN-02-TXN-0009,2026-06-09T15:40:00+09:00,2026-06-09T15:40:00+09:00
3467142c-99a9-5d33-b084-85f5c73802a1,156e269b-ea27-5fff-8ebb-34800c8c6633,2d993649-e737-5205-80da-2adb2fc57884,ab33986b-9f5c-4880-a7ee-7fcddac28f39,2026-06-04T14:45:00+09:00,WITHDRAWAL,61900,KRW,롯데마트,TRUE,TRUE,TRUE,FALSE,RULE,1,MOCK,SCN-02-TXN-0010,2026-06-04T14:45:00+09:00,2026-06-04T14:45:00+09:00
830df91c-dd05-584b-b927-0e1a6186be3c,156e269b-ea27-5fff-8ebb-34800c8c6633,2d993649-e737-5205-80da-2adb2fc57884,6cc93ee2-deb4-4cab-bc1c-a303141f434e,2026-06-04T11:20:00+09:00,WITHDRAWAL,16000,KRW,본죽,TRUE,TRUE,TRUE,FALSE,RULE,1,MOCK,SCN-02-TXN-0011,2026-06-04T11:20:00+09:00,2026-06-04T11:20:00+09:00
61db39fb-75a9-53a7-9094-a631f6128d89,156e269b-ea27-5fff-8ebb-34800c8c6633,7f9326bc-4425-5324-a877-f8fb47b4ffab,fd45205e-6d91-4e13-8026-528dc6490eee,2026-06-11T10:40:00+09:00,WITHDRAWAL,29100,KRW,무인양품,TRUE,TRUE,FALSE,FALSE,RULE,1,MOCK,SCN-02-TXN-0012,2026-06-11T10:40:00+09:00,2026-06-11T10:40:00+09:00
303afe71-ae73-57e9-9cfc-93cc46b71d65,156e269b-ea27-5fff-8ebb-34800c8c6633,7f9326bc-4425-5324-a877-f8fb47b4ffab,b34cd883-6e30-461a-b4c3-4b9b576a7146,2026-07-24T17:10:00+09:00,WITHDRAWAL,47800,KRW,SK브로드밴드,TRUE,TRUE,TRUE,FALSE,RULE,1,MOCK,SCN-02-TXN-0013,2026-07-24T17:10:00+09:00,2026-07-24T17:10:00+09:00
2f32d2ab-2cea-5a55-806e-3766a4c6441b,156e269b-ea27-5fff-8ebb-34800c8c6633,7f9326bc-4425-5324-a877-f8fb47b4ffab,40e4f314-39c2-4b5a-9726-925349fdb30e,2026-05-10T11:30:00+09:00,WITHDRAWAL,80900,KRW,한국전력,TRUE,TRUE,TRUE,FALSE,RULE,1,MOCK,SCN-02-TXN-0014,2026-05-10T11:30:00+09:00,2026-05-10T11:30:00+09:00
02ef7afd-30b2-5eec-b461-a0384dcb2f3c,156e269b-ea27-5fff-8ebb-34800c8c6633,7f9326bc-4425-5324-a877-f8fb47b4ffab,6cc93ee2-deb4-4cab-bc1c-a303141f434e,2026-07-20T14:50:00+09:00,WITHDRAWAL,21000,KRW,본죽,TRUE,TRUE,TRUE,FALSE,RULE,1,MOCK,SCN-02-TXN-0015,2026-07-20T14:50:00+09:00,2026-07-20T14:50:00+09:00
2a83f708-a7d4-5eea-b9ed-41cb417a310c,156e269b-ea27-5fff-8ebb-34800c8c6633,2d993649-e737-5205-80da-2adb2fc57884,40e4f314-39c2-4b5a-9726-925349fdb30e,2026-06-08T07:30:00+09:00,WITHDRAWAL,94700,KRW,한국전력,TRUE,TRUE,TRUE,FALSE,RULE,1,MOCK,SCN-02-TXN-0016,2026-06-08T07:30:00+09:00,2026-06-08T07:30:00+09:00
eda2e957-7e06-5386-a365-e5d8b9e268e9,156e269b-ea27-5fff-8ebb-34800c8c6633,7f9326bc-4425-5324-a877-f8fb47b4ffab,fd45205e-6d91-4e13-8026-528dc6490eee,2026-07-18T16:15:00+09:00,WITHDRAWAL,24000,KRW,무인양품,TRUE,TRUE,TRUE,FALSE,RULE,1,MOCK,SCN-02-TXN-0017,2026-07-18T16:15:00+09:00,2026-07-18T16:15:00+09:00
db94e63a-da4f-5e20-a0a0-a4b5e616fa29,156e269b-ea27-5fff-8ebb-34800c8c6633,7f9326bc-4425-5324-a877-f8fb47b4ffab,6cc93ee2-deb4-4cab-bc1c-a303141f434e,2026-05-21T20:20:00+09:00,WITHDRAWAL,18700,KRW,본죽,TRUE,TRUE,TRUE,FALSE,RULE,1,MOCK,SCN-02-TXN-0018,2026-05-21T20:20:00+09:00,2026-05-21T20:20:00+09:00
05174a0a-fb56-5a84-84d5-aa2c25899208,156e269b-ea27-5fff-8ebb-34800c8c6633,2d993649-e737-5205-80da-2adb2fc57884,ab33986b-9f5c-4880-a7ee-7fcddac28f39,2026-06-07T11:00:00+09:00,WITHDRAWAL,74100,KRW,롯데마트,TRUE,FALSE,TRUE,FALSE,RULE,1,MOCK,SCN-02-TXN-0019,2026-06-07T11:00:00+09:00,2026-06-07T11:00:00+09:00
31b8f2e1-7deb-57f4-bbca-5df0c2dc523e,156e269b-ea27-5fff-8ebb-34800c8c6633,2d993649-e737-5205-80da-2adb2fc57884,6cc93ee2-deb4-4cab-bc1c-a303141f434e,2026-06-15T10:20:00+09:00,WITHDRAWAL,16400,KRW,본죽,TRUE,TRUE,FALSE,FALSE,RULE,1,MOCK,SCN-02-TXN-0020,2026-06-15T10:20:00+09:00,2026-06-15T10:20:00+09:00
3bc61207-1f1e-5cc4-82da-035426d8fb06,156e269b-ea27-5fff-8ebb-34800c8c6633,7f9326bc-4425-5324-a877-f8fb47b4ffab,83e4cc79-b0b8-45f7-86e5-c6b2a6776f39,2026-06-09T07:30:00+09:00,WITHDRAWAL,66600,KRW,LG유플러스,TRUE,TRUE,TRUE,FALSE,RULE,1,MOCK,SCN-02-TXN-0021,2026-06-09T07:30:00+09:00,2026-06-09T07:30:00+09:00
a9853915-bcc5-545c-9f9a-9a7d053b47c5,156e269b-ea27-5fff-8ebb-34800c8c6633,2d993649-e737-5205-80da-2adb2fc57884,c0b5ffc8-9200-4be2-9b67-f8d77d8e7444,2026-06-02T14:20:00+09:00,WITHDRAWAL,25100,KRW,상수도사업본부,TRUE,TRUE,TRUE,FALSE,RULE,1,MOCK,SCN-02-TXN-0022,2026-06-02T14:20:00+09:00,2026-06-02T14:20:00+09:00
59968f5a-2152-5110-9c24-1f227d0e6982,156e269b-ea27-5fff-8ebb-34800c8c6633,7f9326bc-4425-5324-a877-f8fb47b4ffab,ab33986b-9f5c-4880-a7ee-7fcddac28f39,2026-06-16T21:00:00+09:00,WITHDRAWAL,54600,KRW,롯데마트,TRUE,TRUE,TRUE,FALSE,RULE,1,MOCK,SCN-02-TXN-0023,2026-06-16T21:00:00+09:00,2026-06-16T21:00:00+09:00
b4325403-f75e-5a6a-9125-d5b0a6bd7b73,156e269b-ea27-5fff-8ebb-34800c8c6633,7f9326bc-4425-5324-a877-f8fb47b4ffab,3bb95988-e0a9-4a6d-931d-34bef5702bd8,2026-06-30T22:30:00+09:00,WITHDRAWAL,22600,KRW,동네약국,TRUE,FALSE,TRUE,FALSE,RULE,1,MOCK,SCN-02-TXN-0024,2026-06-30T22:30:00+09:00,2026-06-30T22:30:00+09:00
687e39e1-70a7-509e-b832-dc5bd8a4f7bb,156e269b-ea27-5fff-8ebb-34800c8c6633,7f9326bc-4425-5324-a877-f8fb47b4ffab,3bb95988-e0a9-4a6d-931d-34bef5702bd8,2026-05-31T09:40:00+09:00,WITHDRAWAL,21600,KRW,동네약국,TRUE,TRUE,TRUE,FALSE,RULE,1,MOCK,SCN-02-TXN-0025,2026-05-31T09:40:00+09:00,2026-05-31T09:40:00+09:00
b9cd2d50-ed6c-5ff4-bb4c-a0980bf7ffa1,156e269b-ea27-5fff-8ebb-34800c8c6633,2d993649-e737-5205-80da-2adb2fc57884,6cc93ee2-deb4-4cab-bc1c-a303141f434e,2026-06-05T20:15:00+09:00,WITHDRAWAL,16500,KRW,본죽,FALSE,TRUE,FALSE,FALSE,RULE,1,MOCK,SCN-02-TXN-0026,2026-06-05T20:15:00+09:00,2026-06-05T20:15:00+09:00
5b7cade0-a31e-5ca7-9f6f-81628c7acc3b,156e269b-ea27-5fff-8ebb-34800c8c6633,2d993649-e737-5205-80da-2adb2fc57884,3cdf72b5-3b0c-43c7-92a4-fb5261621ce6,2026-05-16T14:05:00+09:00,WITHDRAWAL,54300,KRW,카카오톡선물하기,TRUE,TRUE,TRUE,FALSE,RULE,1,MOCK,SCN-02-TXN-0027,2026-05-16T14:05:00+09:00,2026-05-16T14:05:00+09:00
5cfae87f-0dbf-53d3-97fa-c6115644bf5f,156e269b-ea27-5fff-8ebb-34800c8c6633,7f9326bc-4425-5324-a877-f8fb47b4ffab,3cdf72b5-3b0c-43c7-92a4-fb5261621ce6,2026-05-30T09:00:00+09:00,WITHDRAWAL,51400,KRW,카카오톡선물하기,FALSE,TRUE,FALSE,FALSE,RULE,1,MOCK,SCN-02-TXN-0028,2026-05-30T09:00:00+09:00,2026-05-30T09:00:00+09:00
10c2c924-48eb-5c14-a124-0d9cc1a839c4,156e269b-ea27-5fff-8ebb-34800c8c6633,2d993649-e737-5205-80da-2adb2fc57884,6cc93ee2-deb4-4cab-bc1c-a303141f434e,2026-05-31T07:10:00+09:00,WITHDRAWAL,17900,KRW,본죽,TRUE,TRUE,TRUE,FALSE,RULE,1,MOCK,SCN-02-TXN-0029,2026-05-31T07:10:00+09:00,2026-05-31T07:10:00+09:00
8dfc1259-c12d-5c81-873d-cf6252d882de,156e269b-ea27-5fff-8ebb-34800c8c6633,7f9326bc-4425-5324-a877-f8fb47b4ffab,b34cd883-6e30-461a-b4c3-4b9b576a7146,2026-05-29T07:50:00+09:00,WITHDRAWAL,37200,KRW,SK브로드밴드,TRUE,TRUE,TRUE,FALSE,RULE,1,MOCK,SCN-02-TXN-0030,2026-05-29T07:50:00+09:00,2026-05-29T07:50:00+09:00
6bb1ce69-2bd9-54c4-a42b-b973a23098e2,156e269b-ea27-5fff-8ebb-34800c8c6633,7f9326bc-4425-5324-a877-f8fb47b4ffab,6cc93ee2-deb4-4cab-bc1c-a303141f434e,2026-06-26T18:30:00+09:00,WITHDRAWAL,16200,KRW,본죽,TRUE,TRUE,TRUE,FALSE,RULE,1,MOCK,SCN-02-TXN-0031,2026-06-26T18:30:00+09:00,2026-06-26T18:30:00+09:00
b5c42fcf-cdac-5585-a19b-d0fb10a4119e,156e269b-ea27-5fff-8ebb-34800c8c6633,7f9326bc-4425-5324-a877-f8fb47b4ffab,fd45205e-6d91-4e13-8026-528dc6490eee,2026-06-27T13:30:00+09:00,WITHDRAWAL,30600,KRW,무인양품,TRUE,TRUE,TRUE,FALSE,RULE,1,MOCK,SCN-02-TXN-0032,2026-06-27T13:30:00+09:00,2026-06-27T13:30:00+09:00
883857bb-1255-5ed6-98a6-adab368faf83,156e269b-ea27-5fff-8ebb-34800c8c6633,7f9326bc-4425-5324-a877-f8fb47b4ffab,40e4f314-39c2-4b5a-9726-925349fdb30e,2026-07-27T08:05:00+09:00,WITHDRAWAL,99600,KRW,한국전력,TRUE,TRUE,TRUE,FALSE,RULE,1,MOCK,SCN-02-TXN-0033,2026-07-27T08:05:00+09:00,2026-07-27T08:05:00+09:00
633f34cb-4722-5930-aba7-68d9aba7eedd,156e269b-ea27-5fff-8ebb-34800c8c6633,7f9326bc-4425-5324-a877-f8fb47b4ffab,c0b5ffc8-9200-4be2-9b67-f8d77d8e7444,2026-06-22T17:40:00+09:00,WITHDRAWAL,21200,KRW,상수도사업본부,FALSE,TRUE,FALSE,FALSE,RULE,1,MOCK,SCN-02-TXN-0034,2026-06-22T17:40:00+09:00,2026-06-22T17:40:00+09:00
0a427bbf-1a73-54c8-967c-82ad564efe58,156e269b-ea27-5fff-8ebb-34800c8c6633,2d993649-e737-5205-80da-2adb2fc57884,fd45205e-6d91-4e13-8026-528dc6490eee,2026-06-14T12:05:00+09:00,WITHDRAWAL,24800,KRW,무인양품,FALSE,TRUE,TRUE,FALSE,RULE,1,MOCK,SCN-02-TXN-0035,2026-06-14T12:05:00+09:00,2026-06-14T12:05:00+09:00
b7f5f62d-cd7c-5245-a592-5c434b56fc2d,156e269b-ea27-5fff-8ebb-34800c8c6633,2d993649-e737-5205-80da-2adb2fc57884,b34cd883-6e30-461a-b4c3-4b9b576a7146,2026-06-09T12:00:00+09:00,WITHDRAWAL,38100,KRW,SK브로드밴드,TRUE,TRUE,TRUE,FALSE,RULE,1,MOCK,SCN-02-TXN-0036,2026-06-09T12:00:00+09:00,2026-06-09T12:00:00+09:00
874e5712-f2c0-54fa-a225-54896e255533,156e269b-ea27-5fff-8ebb-34800c8c6633,2d993649-e737-5205-80da-2adb2fc57884,ab33986b-9f5c-4880-a7ee-7fcddac28f39,2026-06-28T12:20:00+09:00,WITHDRAWAL,67800,KRW,롯데마트,TRUE,TRUE,FALSE,FALSE,RULE,1,MOCK,SCN-02-TXN-0037,2026-06-28T12:20:00+09:00,2026-06-28T12:20:00+09:00
ebbb631c-567f-5598-9821-67b18fe02c5a,156e269b-ea27-5fff-8ebb-34800c8c6633,7f9326bc-4425-5324-a877-f8fb47b4ffab,b34cd883-6e30-461a-b4c3-4b9b576a7146,2026-07-24T16:45:00+09:00,WITHDRAWAL,40400,KRW,KT인터넷,TRUE,TRUE,TRUE,FALSE,RULE,1,MOCK,SCN-02-TXN-0038,2026-07-24T16:45:00+09:00,2026-07-24T16:45:00+09:00
06e9acf3-333f-5f8c-8fe1-1813b7ea3784,156e269b-ea27-5fff-8ebb-34800c8c6633,2d993649-e737-5205-80da-2adb2fc57884,40e4f314-39c2-4b5a-9726-925349fdb30e,2026-06-09T21:00:00+09:00,WITHDRAWAL,95700,KRW,한국전력,TRUE,TRUE,TRUE,FALSE,RULE,1,MOCK,SCN-02-TXN-0039,2026-06-09T21:00:00+09:00,2026-06-09T21:00:00+09:00
525103ec-348f-5edb-942b-799959266444,156e269b-ea27-5fff-8ebb-34800c8c6633,2d993649-e737-5205-80da-2adb2fc57884,ab33986b-9f5c-4880-a7ee-7fcddac28f39,2026-05-30T17:30:00+09:00,WITHDRAWAL,59600,KRW,롯데마트,TRUE,TRUE,FALSE,FALSE,RULE,1,MOCK,SCN-02-TXN-0040,2026-05-30T17:30:00+09:00,2026-05-30T17:30:00+09:00
25ee20a6-c1ed-560f-8897-fd5f200255c9,156e269b-ea27-5fff-8ebb-34800c8c6633,2d993649-e737-5205-80da-2adb2fc57884,40e4f314-39c2-4b5a-9726-925349fdb30e,2026-07-13T17:40:00+09:00,WITHDRAWAL,99200,KRW,도시가스,FALSE,TRUE,TRUE,FALSE,RULE,1,MOCK,SCN-02-TXN-0041,2026-07-13T17:40:00+09:00,2026-07-13T17:40:00+09:00
46b32540-7b00-574b-b269-5890485eff60,156e269b-ea27-5fff-8ebb-34800c8c6633,7f9326bc-4425-5324-a877-f8fb47b4ffab,6cc93ee2-deb4-4cab-bc1c-a303141f434e,2026-05-14T16:40:00+09:00,WITHDRAWAL,15600,KRW,본죽,TRUE,TRUE,TRUE,FALSE,RULE,1,MOCK,SCN-02-TXN-0042,2026-05-14T16:40:00+09:00,2026-05-14T16:40:00+09:00
61b77e5e-ead0-5c52-8494-c4cd6f4bd154,156e269b-ea27-5fff-8ebb-34800c8c6633,2d993649-e737-5205-80da-2adb2fc57884,fd45205e-6d91-4e13-8026-528dc6490eee,2026-05-15T10:30:00+09:00,WITHDRAWAL,28100,KRW,무인양품,TRUE,TRUE,FALSE,FALSE,RULE,1,MOCK,SCN-02-TXN-0043,2026-05-15T10:30:00+09:00,2026-05-15T10:30:00+09:00
9ec3b95d-90cb-5e87-8189-27894706a808,156e269b-ea27-5fff-8ebb-34800c8c6633,2d993649-e737-5205-80da-2adb2fc57884,ab33986b-9f5c-4880-a7ee-7fcddac28f39,2026-07-12T14:30:00+09:00,WITHDRAWAL,68600,KRW,롯데마트,TRUE,TRUE,TRUE,FALSE,RULE,1,MOCK,SCN-02-TXN-0044,2026-07-12T14:30:00+09:00,2026-07-12T14:30:00+09:00
9b9a68c0-97ab-5aec-8632-fde43c97c124,156e269b-ea27-5fff-8ebb-34800c8c6633,2d993649-e737-5205-80da-2adb2fc57884,40e4f314-39c2-4b5a-9726-925349fdb30e,2026-06-15T11:45:00+09:00,WITHDRAWAL,78900,KRW,도시가스,FALSE,TRUE,TRUE,FALSE,RULE,1,MOCK,SCN-02-TXN-0045,2026-06-15T11:45:00+09:00,2026-06-15T11:45:00+09:00
e05e3ae5-48b0-5a35-9c52-f7f6e32fd8ab,156e269b-ea27-5fff-8ebb-34800c8c6633,7f9326bc-4425-5324-a877-f8fb47b4ffab,ab33986b-9f5c-4880-a7ee-7fcddac28f39,2026-07-10T07:45:00+09:00,WITHDRAWAL,50900,KRW,롯데마트,TRUE,FALSE,TRUE,FALSE,RULE,1,MOCK,SCN-02-TXN-0046,2026-07-10T07:45:00+09:00,2026-07-10T07:45:00+09:00
2144f200-1149-58eb-aa0e-183f84813d01,156e269b-ea27-5fff-8ebb-34800c8c6633,7f9326bc-4425-5324-a877-f8fb47b4ffab,c0b5ffc8-9200-4be2-9b67-f8d77d8e7444,2026-06-13T08:50:00+09:00,WITHDRAWAL,20700,KRW,상수도사업본부,TRUE,TRUE,TRUE,FALSE,RULE,1,MOCK,SCN-02-TXN-0047,2026-06-13T08:50:00+09:00,2026-06-13T08:50:00+09:00
7904512b-cf63-53cb-be48-7f0899927771,156e269b-ea27-5fff-8ebb-34800c8c6633,7f9326bc-4425-5324-a877-f8fb47b4ffab,fd45205e-6d91-4e13-8026-528dc6490eee,2026-07-16T23:30:00+09:00,WITHDRAWAL,27400,KRW,무인양품,TRUE,TRUE,TRUE,FALSE,RULE,1,MOCK,SCN-02-TXN-0048,2026-07-16T23:30:00+09:00,2026-07-16T23:30:00+09:00
b4fd375b-aaab-5332-96db-fc9ee78bdef4,156e269b-ea27-5fff-8ebb-34800c8c6633,2d993649-e737-5205-80da-2adb2fc57884,fd45205e-6d91-4e13-8026-528dc6490eee,2026-07-14T12:20:00+09:00,WITHDRAWAL,27000,KRW,무인양품,TRUE,FALSE,FALSE,FALSE,RULE,1,MOCK,SCN-02-TXN-0049,2026-07-14T12:20:00+09:00,2026-07-14T12:20:00+09:00
bf5921ab-82a3-54ed-a5d7-5f7563298a31,156e269b-ea27-5fff-8ebb-34800c8c6633,7f9326bc-4425-5324-a877-f8fb47b4ffab,6cc93ee2-deb4-4cab-bc1c-a303141f434e,2026-06-24T07:30:00+09:00,WITHDRAWAL,19600,KRW,본죽,TRUE,TRUE,FALSE,FALSE,RULE,1,MOCK,SCN-02-TXN-0050,2026-06-24T07:30:00+09:00,2026-06-24T07:30:00+09:00
39f90d49-2978-5ff3-8812-19b975bf6211,c9485bf9-c5e3-578a-8c52-7ed69199fe24,ac185801-2dae-53a8-9834-c5728e40b238,41d1ee4f-a1a4-4451-b1d3-d308fb8835c8,2026-06-07T08:50:00+09:00,WITHDRAWAL,178500,KRW,정기적금,FALSE,TRUE,FALSE,FALSE,RULE,1,MOCK,SCN-03-TXN-0001,2026-06-07T08:50:00+09:00,2026-06-07T08:50:00+09:00
9d5b0346-68f1-513b-abe2-f196dbb10822,c9485bf9-c5e3-578a-8c52-7ed69199fe24,1a61382a-e3e9-5e5f-9f0c-ce2fe2d319ba,310a940c-36e7-46ed-a99e-7df310d01459,2026-05-24T16:10:00+09:00,WITHDRAWAL,115600,KRW,학원,TRUE,TRUE,TRUE,FALSE,RULE,1,MOCK,SCN-03-TXN-0002,2026-05-24T16:10:00+09:00,2026-05-24T16:10:00+09:00
4dc56bff-f976-57d5-8c84-184b08f718ad,c9485bf9-c5e3-578a-8c52-7ed69199fe24,7bb73d8e-952f-53c4-a751-50981e806b2c,41d1ee4f-a1a4-4451-b1d3-d308fb8835c8,2026-07-08T21:15:00+09:00,WITHDRAWAL,204200,KRW,정기적금,FALSE,TRUE,FALSE,FALSE,RULE,1,MOCK,SCN-03-TXN-0003,2026-07-08T21:15:00+09:00,2026-07-08T21:15:00+09:00
a3e60fbb-0a99-58c7-ad36-09c93cfcf6ae,c9485bf9-c5e3-578a-8c52-7ed69199fe24,ac185801-2dae-53a8-9834-c5728e40b238,310a940c-36e7-46ed-a99e-7df310d01459,2026-07-17T20:00:00+09:00,WITHDRAWAL,115900,KRW,학원,TRUE,TRUE,FALSE,FALSE,RULE,1,MOCK,SCN-03-TXN-0004,2026-07-17T20:00:00+09:00,2026-07-17T20:00:00+09:00
3162dd33-97f0-5bd3-847f-950a5b0ec9d2,c9485bf9-c5e3-578a-8c52-7ed69199fe24,ac185801-2dae-53a8-9834-c5728e40b238,8129b203-806e-4eb0-9c74-64fd570e0a2b,2026-05-11T11:45:00+09:00,WITHDRAWAL,48800,KRW,자격시험원,TRUE,FALSE,TRUE,FALSE,RULE,1,MOCK,SCN-03-TXN-0005,2026-05-11T11:45:00+09:00,2026-05-11T11:45:00+09:00
d73a6d0d-11a8-5840-963f-ef7ee02048ed,c9485bf9-c5e3-578a-8c52-7ed69199fe24,1a61382a-e3e9-5e5f-9f0c-ce2fe2d319ba,8092f436-2059-4df5-9387-2a95d266b57c,2026-07-04T13:05:00+09:00,WITHDRAWAL,5300,KRW,동네카페,FALSE,TRUE,TRUE,FALSE,RULE,1,MOCK,SCN-03-TXN-0006,2026-07-04T13:05:00+09:00,2026-07-04T13:05:00+09:00
860a4ce7-1f8b-5a04-8cd0-22a241f80bef,c9485bf9-c5e3-578a-8c52-7ed69199fe24,1a61382a-e3e9-5e5f-9f0c-ce2fe2d319ba,8129b203-806e-4eb0-9c74-64fd570e0a2b,2026-06-27T08:00:00+09:00,WITHDRAWAL,41300,KRW,자격시험원,TRUE,TRUE,FALSE,FALSE,RULE,1,MOCK,SCN-03-TXN-0007,2026-06-27T08:00:00+09:00,2026-06-27T08:00:00+09:00
88746562-cb8d-5f3f-bf06-5c3f6e09396c,c9485bf9-c5e3-578a-8c52-7ed69199fe24,ac185801-2dae-53a8-9834-c5728e40b238,8129b203-806e-4eb0-9c74-64fd570e0a2b,2026-07-19T08:45:00+09:00,WITHDRAWAL,42000,KRW,자격시험원,TRUE,TRUE,TRUE,FALSE,RULE,1,MOCK,SCN-03-TXN-0008,2026-07-19T08:45:00+09:00,2026-07-19T08:45:00+09:00
a2422581-0c17-5892-9a10-21ab938f4585,c9485bf9-c5e3-578a-8c52-7ed69199fe24,1a61382a-e3e9-5e5f-9f0c-ce2fe2d319ba,8129b203-806e-4eb0-9c74-64fd570e0a2b,2026-07-13T17:05:00+09:00,WITHDRAWAL,31600,KRW,자격시험원,FALSE,TRUE,TRUE,FALSE,RULE,1,MOCK,SCN-03-TXN-0009,2026-07-13T17:05:00+09:00,2026-07-13T17:05:00+09:00
ca617c96-770e-53cf-8fcf-18668b517125,c9485bf9-c5e3-578a-8c52-7ed69199fe24,1a61382a-e3e9-5e5f-9f0c-ce2fe2d319ba,310a940c-36e7-46ed-a99e-7df310d01459,2026-05-03T08:30:00+09:00,WITHDRAWAL,138100,KRW,학원,TRUE,TRUE,TRUE,FALSE,RULE,1,MOCK,SCN-03-TXN-0010,2026-05-03T08:30:00+09:00,2026-05-03T08:30:00+09:00
30200656-3d3e-5b39-8433-2d90752fd523,c9485bf9-c5e3-578a-8c52-7ed69199fe24,ac185801-2dae-53a8-9834-c5728e40b238,8129b203-806e-4eb0-9c74-64fd570e0a2b,2026-06-13T09:45:00+09:00,WITHDRAWAL,52200,KRW,자격시험원,TRUE,FALSE,TRUE,FALSE,RULE,1,MOCK,SCN-03-TXN-0011,2026-06-13T09:45:00+09:00,2026-06-13T09:45:00+09:00
9493716a-90b7-50b9-a587-e6dde2a6eb6b,c9485bf9-c5e3-578a-8c52-7ed69199fe24,ac185801-2dae-53a8-9834-c5728e40b238,310a940c-36e7-46ed-a99e-7df310d01459,2026-05-06T11:50:00+09:00,WITHDRAWAL,149400,KRW,학원,TRUE,TRUE,FALSE,FALSE,RULE,1,MOCK,SCN-03-TXN-0012,2026-05-06T11:50:00+09:00,2026-05-06T11:50:00+09:00
3a9dcdd5-9499-5e6d-8b0e-a37a12d2fd89,c9485bf9-c5e3-578a-8c52-7ed69199fe24,1a61382a-e3e9-5e5f-9f0c-ce2fe2d319ba,8129b203-806e-4eb0-9c74-64fd570e0a2b,2026-05-07T12:20:00+09:00,WITHDRAWAL,34500,KRW,자격시험원,FALSE,TRUE,TRUE,FALSE,RULE,1,MOCK,SCN-03-TXN-0013,2026-05-07T12:20:00+09:00,2026-05-07T12:20:00+09:00
259978b0-cde3-59ce-bd80-852444916373,c9485bf9-c5e3-578a-8c52-7ed69199fe24,1a61382a-e3e9-5e5f-9f0c-ce2fe2d319ba,05eb3ee1-af14-4451-9ea1-ae29752fe4b4,2026-07-03T15:20:00+09:00,WITHDRAWAL,163900,KRW,증권사이체,TRUE,TRUE,FALSE,FALSE,RULE,1,MOCK,SCN-03-TXN-0014,2026-07-03T15:20:00+09:00,2026-07-03T15:20:00+09:00
9313cb17-bd7b-5706-a9e2-9fe1941d661d,c9485bf9-c5e3-578a-8c52-7ed69199fe24,1a61382a-e3e9-5e5f-9f0c-ce2fe2d319ba,6beaf245-3636-4997-b4ba-fb7a2e94510e,2026-06-11T20:20:00+09:00,WITHDRAWAL,4300,KRW,티머니,TRUE,TRUE,TRUE,FALSE,RULE,1,MOCK,SCN-03-TXN-0015,2026-06-11T20:20:00+09:00,2026-06-11T20:20:00+09:00
3645b610-a74c-558f-97b9-5358baebae32,c9485bf9-c5e3-578a-8c52-7ed69199fe24,ac185801-2dae-53a8-9834-c5728e40b238,8129b203-806e-4eb0-9c74-64fd570e0a2b,2026-05-10T13:30:00+09:00,WITHDRAWAL,46700,KRW,자격시험원,TRUE,TRUE,FALSE,FALSE,RULE,1,MOCK,SCN-03-TXN-0016,2026-05-10T13:30:00+09:00,2026-05-10T13:30:00+09:00
6ae5f2fe-d053-5c56-a6cb-3ffc04442714,c9485bf9-c5e3-578a-8c52-7ed69199fe24,ac185801-2dae-53a8-9834-c5728e40b238,41d1ee4f-a1a4-4451-b1d3-d308fb8835c8,2026-05-09T23:30:00+09:00,WITHDRAWAL,179000,KRW,정기적금,TRUE,TRUE,FALSE,FALSE,RULE,1,MOCK,SCN-03-TXN-0017,2026-05-09T23:30:00+09:00,2026-05-09T23:30:00+09:00
400ba25a-9e1a-5482-9e01-6c5027ba669a,c9485bf9-c5e3-578a-8c52-7ed69199fe24,1a61382a-e3e9-5e5f-9f0c-ce2fe2d319ba,05eb3ee1-af14-4451-9ea1-ae29752fe4b4,2026-06-10T10:05:00+09:00,WITHDRAWAL,117000,KRW,증권사이체,TRUE,TRUE,TRUE,FALSE,RULE,1,MOCK,SCN-03-TXN-0018,2026-06-10T10:05:00+09:00,2026-06-10T10:05:00+09:00
226f4418-aa45-59cb-9ac3-6a95ff2ef8a2,c9485bf9-c5e3-578a-8c52-7ed69199fe24,1a61382a-e3e9-5e5f-9f0c-ce2fe2d319ba,41d1ee4f-a1a4-4451-b1d3-d308fb8835c8,2026-07-18T21:15:00+09:00,WITHDRAWAL,191900,KRW,정기적금,TRUE,TRUE,FALSE,FALSE,RULE,1,MOCK,SCN-03-TXN-0019,2026-07-18T21:15:00+09:00,2026-07-18T21:15:00+09:00
101a221d-a225-5167-a96e-df5daacdafcb,c9485bf9-c5e3-578a-8c52-7ed69199fe24,7bb73d8e-952f-53c4-a751-50981e806b2c,8129b203-806e-4eb0-9c74-64fd570e0a2b,2026-07-10T11:10:00+09:00,WITHDRAWAL,45700,KRW,자격시험원,TRUE,TRUE,FALSE,FALSE,RULE,1,MOCK,SCN-03-TXN-0020,2026-07-10T11:10:00+09:00,2026-07-10T11:10:00+09:00
bb19ec38-d6f3-5410-b781-30e5d32b3509,c9485bf9-c5e3-578a-8c52-7ed69199fe24,ac185801-2dae-53a8-9834-c5728e40b238,310a940c-36e7-46ed-a99e-7df310d01459,2026-07-03T22:30:00+09:00,WITHDRAWAL,152900,KRW,패스트캠퍼스,TRUE,TRUE,FALSE,FALSE,RULE,1,MOCK,SCN-03-TXN-0021,2026-07-03T22:30:00+09:00,2026-07-03T22:30:00+09:00
39aadba2-5f9f-5d1c-9549-a5888712eac8,c9485bf9-c5e3-578a-8c52-7ed69199fe24,1a61382a-e3e9-5e5f-9f0c-ce2fe2d319ba,8129b203-806e-4eb0-9c74-64fd570e0a2b,2026-07-13T20:05:00+09:00,WITHDRAWAL,46800,KRW,자격시험원,TRUE,TRUE,TRUE,FALSE,RULE,1,MOCK,SCN-03-TXN-0022,2026-07-13T20:05:00+09:00,2026-07-13T20:05:00+09:00
e28f2a1f-692f-5be9-97d0-ac4b09d72291,c9485bf9-c5e3-578a-8c52-7ed69199fe24,ac185801-2dae-53a8-9834-c5728e40b238,8129b203-806e-4eb0-9c74-64fd570e0a2b,2026-05-08T15:10:00+09:00,WITHDRAWAL,38900,KRW,자격시험원,FALSE,TRUE,TRUE,FALSE,RULE,1,MOCK,SCN-03-TXN-0023,2026-05-08T15:10:00+09:00,2026-05-08T15:10:00+09:00
57fcaebe-4a24-53ed-b825-2bfba5b99cb8,c9485bf9-c5e3-578a-8c52-7ed69199fe24,1a61382a-e3e9-5e5f-9f0c-ce2fe2d319ba,8092f436-2059-4df5-9387-2a95d266b57c,2026-05-17T16:50:00+09:00,WITHDRAWAL,7800,KRW,동네카페,TRUE,TRUE,TRUE,FALSE,RULE,1,MOCK,SCN-03-TXN-0024,2026-05-17T16:50:00+09:00,2026-05-17T16:50:00+09:00
d452ec3f-d69a-54f7-94ba-91f824895af1,c9485bf9-c5e3-578a-8c52-7ed69199fe24,1a61382a-e3e9-5e5f-9f0c-ce2fe2d319ba,41d1ee4f-a1a4-4451-b1d3-d308fb8835c8,2026-05-06T07:05:00+09:00,WITHDRAWAL,206400,KRW,정기적금,TRUE,TRUE,TRUE,FALSE,RULE,1,MOCK,SCN-03-TXN-0025,2026-05-06T07:05:00+09:00,2026-05-06T07:05:00+09:00
067d4ce4-c8e0-587f-be52-053ce344475a,c9485bf9-c5e3-578a-8c52-7ed69199fe24,ac185801-2dae-53a8-9834-c5728e40b238,310a940c-36e7-46ed-a99e-7df310d01459,2026-07-22T14:15:00+09:00,WITHDRAWAL,157700,KRW,학원,TRUE,TRUE,TRUE,FALSE,RULE,1,MOCK,SCN-03-TXN-0026,2026-07-22T14:15:00+09:00,2026-07-22T14:15:00+09:00
df26946f-bad6-53df-aa9d-e84c91db4507,c9485bf9-c5e3-578a-8c52-7ed69199fe24,7bb73d8e-952f-53c4-a751-50981e806b2c,8129b203-806e-4eb0-9c74-64fd570e0a2b,2026-05-27T09:30:00+09:00,WITHDRAWAL,47400,KRW,예스24,FALSE,TRUE,TRUE,FALSE,RULE,1,MOCK,SCN-03-TXN-0027,2026-05-27T09:30:00+09:00,2026-05-27T09:30:00+09:00
add2e817-0f94-5126-8696-9f4be4503140,c9485bf9-c5e3-578a-8c52-7ed69199fe24,1a61382a-e3e9-5e5f-9f0c-ce2fe2d319ba,05eb3ee1-af14-4451-9ea1-ae29752fe4b4,2026-05-16T19:10:00+09:00,WITHDRAWAL,148800,KRW,증권사이체,TRUE,TRUE,TRUE,FALSE,RULE,1,MOCK,SCN-03-TXN-0028,2026-05-16T19:10:00+09:00,2026-05-16T19:10:00+09:00
9d89e8e8-9dda-5079-a5ad-303aafa8e2a2,c9485bf9-c5e3-578a-8c52-7ed69199fe24,7bb73d8e-952f-53c4-a751-50981e806b2c,310a940c-36e7-46ed-a99e-7df310d01459,2026-07-13T10:10:00+09:00,WITHDRAWAL,133900,KRW,학원,TRUE,TRUE,TRUE,FALSE,RULE,1,MOCK,SCN-03-TXN-0029,2026-07-13T10:10:00+09:00,2026-07-13T10:10:00+09:00
3a96f384-60c3-593a-aa98-02807253738b,c9485bf9-c5e3-578a-8c52-7ed69199fe24,ac185801-2dae-53a8-9834-c5728e40b238,05eb3ee1-af14-4451-9ea1-ae29752fe4b4,2026-06-06T17:45:00+09:00,WITHDRAWAL,150100,KRW,증권사이체,TRUE,TRUE,TRUE,FALSE,RULE,1,MOCK,SCN-03-TXN-0030,2026-06-06T17:45:00+09:00,2026-06-06T17:45:00+09:00
a8d796d2-a927-57a0-98a1-dd69e32c0774,c9485bf9-c5e3-578a-8c52-7ed69199fe24,7bb73d8e-952f-53c4-a751-50981e806b2c,8092f436-2059-4df5-9387-2a95d266b57c,2026-06-21T22:15:00+09:00,WITHDRAWAL,6500,KRW,동네카페,TRUE,TRUE,TRUE,FALSE,RULE,1,MOCK,SCN-03-TXN-0031,2026-06-21T22:15:00+09:00,2026-06-21T22:15:00+09:00
a7883269-2459-546e-b432-4cb58b49c14d,c9485bf9-c5e3-578a-8c52-7ed69199fe24,1a61382a-e3e9-5e5f-9f0c-ce2fe2d319ba,6beaf245-3636-4997-b4ba-fb7a2e94510e,2026-06-20T12:50:00+09:00,WITHDRAWAL,4400,KRW,티머니,TRUE,FALSE,FALSE,FALSE,RULE,1,MOCK,SCN-03-TXN-0032,2026-06-20T12:50:00+09:00,2026-06-20T12:50:00+09:00
8d3beb33-1a7d-5d72-983e-58f0754c492b,c9485bf9-c5e3-578a-8c52-7ed69199fe24,1a61382a-e3e9-5e5f-9f0c-ce2fe2d319ba,05eb3ee1-af14-4451-9ea1-ae29752fe4b4,2026-06-28T22:10:00+09:00,WITHDRAWAL,149200,KRW,증권사이체,TRUE,TRUE,TRUE,FALSE,RULE,1,MOCK,SCN-03-TXN-0033,2026-06-28T22:10:00+09:00,2026-06-28T22:10:00+09:00
03502885-1faa-5280-8077-913d1d6149a5,c9485bf9-c5e3-578a-8c52-7ed69199fe24,7bb73d8e-952f-53c4-a751-50981e806b2c,05eb3ee1-af14-4451-9ea1-ae29752fe4b4,2026-06-08T07:30:00+09:00,WITHDRAWAL,137400,KRW,증권사이체,TRUE,TRUE,TRUE,FALSE,RULE,1,MOCK,SCN-03-TXN-0034,2026-06-08T07:30:00+09:00,2026-06-08T07:30:00+09:00
4730b193-99dc-519c-ad0b-2715a84e64f2,c9485bf9-c5e3-578a-8c52-7ed69199fe24,1a61382a-e3e9-5e5f-9f0c-ce2fe2d319ba,d61db3a4-3ccd-4ac6-af54-254c6dd46ec8,2026-07-20T21:20:00+09:00,WITHDRAWAL,12100,KRW,노션,FALSE,FALSE,FALSE,FALSE,RULE,1,MOCK,SCN-03-TXN-0035,2026-07-20T21:20:00+09:00,2026-07-20T21:20:00+09:00
654a1e51-3d3d-55eb-a89a-4a6b43cd0ff3,c9485bf9-c5e3-578a-8c52-7ed69199fe24,1a61382a-e3e9-5e5f-9f0c-ce2fe2d319ba,310a940c-36e7-46ed-a99e-7df310d01459,2026-05-03T13:10:00+09:00,WITHDRAWAL,144500,KRW,패스트캠퍼스,TRUE,TRUE,TRUE,FALSE,RULE,1,MOCK,SCN-03-TXN-0036,2026-05-03T13:10:00+09:00,2026-05-03T13:10:00+09:00
d2160fff-612a-5048-b94e-e3193405d206,c9485bf9-c5e3-578a-8c52-7ed69199fe24,1a61382a-e3e9-5e5f-9f0c-ce2fe2d319ba,8092f436-2059-4df5-9387-2a95d266b57c,2026-07-06T20:45:00+09:00,WITHDRAWAL,6200,KRW,동네카페,TRUE,TRUE,TRUE,FALSE,RULE,1,MOCK,SCN-03-TXN-0037,2026-07-06T20:45:00+09:00,2026-07-06T20:45:00+09:00
7e62be77-0c32-51ad-9edd-7f4aa1f159ad,c9485bf9-c5e3-578a-8c52-7ed69199fe24,7bb73d8e-952f-53c4-a751-50981e806b2c,8129b203-806e-4eb0-9c74-64fd570e0a2b,2026-05-25T11:50:00+09:00,WITHDRAWAL,48500,KRW,예스24,FALSE,TRUE,FALSE,FALSE,RULE,1,MOCK,SCN-03-TXN-0038,2026-05-25T11:50:00+09:00,2026-05-25T11:50:00+09:00
2004c4e6-364a-5382-903f-7a9e9c2725d8,c9485bf9-c5e3-578a-8c52-7ed69199fe24,7bb73d8e-952f-53c4-a751-50981e806b2c,8129b203-806e-4eb0-9c74-64fd570e0a2b,2026-06-14T11:20:00+09:00,WITHDRAWAL,49700,KRW,예스24,TRUE,TRUE,TRUE,FALSE,RULE,1,MOCK,SCN-03-TXN-0039,2026-06-14T11:20:00+09:00,2026-06-14T11:20:00+09:00
754e09b5-9dbf-5e46-8096-2c85ef7b92ff,c9485bf9-c5e3-578a-8c52-7ed69199fe24,7bb73d8e-952f-53c4-a751-50981e806b2c,d61db3a4-3ccd-4ac6-af54-254c6dd46ec8,2026-05-11T14:20:00+09:00,WITHDRAWAL,9300,KRW,노션,FALSE,TRUE,TRUE,FALSE,RULE,1,MOCK,SCN-03-TXN-0040,2026-05-11T14:20:00+09:00,2026-05-11T14:20:00+09:00
5ad689ce-041c-5bbd-98ac-886d021267ea,c9485bf9-c5e3-578a-8c52-7ed69199fe24,7bb73d8e-952f-53c4-a751-50981e806b2c,6beaf245-3636-4997-b4ba-fb7a2e94510e,2026-05-31T23:50:00+09:00,WITHDRAWAL,4800,KRW,티머니,TRUE,TRUE,TRUE,FALSE,RULE,1,MOCK,SCN-03-TXN-0041,2026-05-31T23:50:00+09:00,2026-05-31T23:50:00+09:00
91749334-3aed-5f44-94e3-49f4ebd7b88a,c9485bf9-c5e3-578a-8c52-7ed69199fe24,7bb73d8e-952f-53c4-a751-50981e806b2c,8129b203-806e-4eb0-9c74-64fd570e0a2b,2026-05-21T14:45:00+09:00,WITHDRAWAL,43000,KRW,자격시험원,TRUE,TRUE,FALSE,FALSE,RULE,1,MOCK,SCN-03-TXN-0042,2026-05-21T14:45:00+09:00,2026-05-21T14:45:00+09:00
5bd4d006-7e9b-52bb-94d3-e65393da64b3,c9485bf9-c5e3-578a-8c52-7ed69199fe24,ac185801-2dae-53a8-9834-c5728e40b238,8129b203-806e-4eb0-9c74-64fd570e0a2b,2026-07-08T07:10:00+09:00,WITHDRAWAL,49500,KRW,자격시험원,FALSE,TRUE,FALSE,FALSE,RULE,1,MOCK,SCN-03-TXN-0043,2026-07-08T07:10:00+09:00,2026-07-08T07:10:00+09:00
55a7adf7-b06c-541f-8fe0-68289a8f2937,c9485bf9-c5e3-578a-8c52-7ed69199fe24,7bb73d8e-952f-53c4-a751-50981e806b2c,310a940c-36e7-46ed-a99e-7df310d01459,2026-06-08T08:30:00+09:00,WITHDRAWAL,139700,KRW,패스트캠퍼스,TRUE,TRUE,FALSE,FALSE,RULE,1,MOCK,SCN-03-TXN-0044,2026-06-08T08:30:00+09:00,2026-06-08T08:30:00+09:00
2d98eaee-a2f4-5d1f-97a1-4a7fdeb23a9a,c9485bf9-c5e3-578a-8c52-7ed69199fe24,ac185801-2dae-53a8-9834-c5728e40b238,8092f436-2059-4df5-9387-2a95d266b57c,2026-06-28T09:00:00+09:00,WITHDRAWAL,7100,KRW,동네카페,TRUE,TRUE,FALSE,FALSE,RULE,1,MOCK,SCN-03-TXN-0045,2026-06-28T09:00:00+09:00,2026-06-28T09:00:00+09:00
95646841-a6e6-54a9-ac21-45b5926be002,c9485bf9-c5e3-578a-8c52-7ed69199fe24,ac185801-2dae-53a8-9834-c5728e40b238,8092f436-2059-4df5-9387-2a95d266b57c,2026-07-25T19:45:00+09:00,WITHDRAWAL,7600,KRW,동네카페,TRUE,TRUE,TRUE,FALSE,RULE,1,MOCK,SCN-03-TXN-0046,2026-07-25T19:45:00+09:00,2026-07-25T19:45:00+09:00
95976bdb-013a-5e99-82da-3732bb608e0e,c9485bf9-c5e3-578a-8c52-7ed69199fe24,7bb73d8e-952f-53c4-a751-50981e806b2c,310a940c-36e7-46ed-a99e-7df310d01459,2026-05-02T20:15:00+09:00,WITHDRAWAL,127600,KRW,패스트캠퍼스,TRUE,TRUE,TRUE,FALSE,RULE,1,MOCK,SCN-03-TXN-0047,2026-05-02T20:15:00+09:00,2026-05-02T20:15:00+09:00
c71a6bf3-3fcf-5e54-a2b2-8ef8853610b5,c9485bf9-c5e3-578a-8c52-7ed69199fe24,7bb73d8e-952f-53c4-a751-50981e806b2c,8092f436-2059-4df5-9387-2a95d266b57c,2026-06-17T10:10:00+09:00,WITHDRAWAL,5100,KRW,동네카페,FALSE,TRUE,TRUE,FALSE,RULE,1,MOCK,SCN-03-TXN-0048,2026-06-17T10:10:00+09:00,2026-06-17T10:10:00+09:00
e755d183-a18f-57bf-a82c-8dedc4c4b2c7,c9485bf9-c5e3-578a-8c52-7ed69199fe24,1a61382a-e3e9-5e5f-9f0c-ce2fe2d319ba,310a940c-36e7-46ed-a99e-7df310d01459,2026-05-28T17:05:00+09:00,WITHDRAWAL,160000,KRW,패스트캠퍼스,TRUE,TRUE,TRUE,FALSE,RULE,1,MOCK,SCN-03-TXN-0049,2026-05-28T17:05:00+09:00,2026-05-28T17:05:00+09:00
e73e295d-f61f-5840-99af-17ce582316bd,c9485bf9-c5e3-578a-8c52-7ed69199fe24,1a61382a-e3e9-5e5f-9f0c-ce2fe2d319ba,8092f436-2059-4df5-9387-2a95d266b57c,2026-07-05T07:45:00+09:00,WITHDRAWAL,7300,KRW,동네카페,TRUE,TRUE,TRUE,FALSE,RULE,1,MOCK,SCN-03-TXN-0050,2026-07-05T07:45:00+09:00,2026-07-05T07:45:00+09:00
2649550f-007c-58a3-b0b0-583ac9ce779a,818b24b9-5393-5309-9bd0-eb7da17a093b,95fd55b4-6b74-5795-a420-36b3e80e5cfb,8092f436-2059-4df5-9387-2a95d266b57c,2026-06-02T10:05:00+09:00,WITHDRAWAL,52600,KRW,메가커피 1호점,FALSE,TRUE,TRUE,FALSE,RULE,1,MOCK,SCN-04-TXN-0001,2026-06-02T10:05:00+09:00,2026-06-02T10:05:00+09:00
f10b808b-023d-502b-8ece-c610892ac061,818b24b9-5393-5309-9bd0-eb7da17a093b,e7ed42b4-dae9-593c-a8dd-191f511073f1,8092f436-2059-4df5-9387-2a95d266b57c,2026-06-27T13:40:00+09:00,WITHDRAWAL,21500,KRW,메가커피 1호점,TRUE,FALSE,FALSE,FALSE,RULE,1,MOCK,SCN-04-TXN-0002,2026-06-27T13:40:00+09:00,2026-06-27T13:40:00+09:00
0f2c934a-ef47-5ae3-93cc-e085f371b812,818b24b9-5393-5309-9bd0-eb7da17a093b,9fa22f46-34e6-5de4-ad80-0a3f3f066646,a8b8023a-b451-4c57-ae64-9d6ceaecb546,2026-05-17T10:00:00+09:00,WITHDRAWAL,1000,KRW,인터파크티켓 1호점,TRUE,FALSE,FALSE,FALSE,RULE,1,MOCK,SCN-04-TXN-0003,2026-05-17T10:00:00+09:00,2026-05-17T10:00:00+09:00
8b251c1a-33b1-597b-ae7c-b5e7293d77e2,818b24b9-5393-5309-9bd0-eb7da17a093b,95fd55b4-6b74-5795-a420-36b3e80e5cfb,78ad0112-4e57-4f44-aafc-c32ac479ff8b,2026-07-18T07:15:00+09:00,WITHDRAWAL,22300,KRW,국립중앙박물관 1호점,TRUE,TRUE,TRUE,FALSE,RULE,1,MOCK,SCN-04-TXN-0004,2026-07-18T07:15:00+09:00,2026-07-18T07:15:00+09:00
0dc5eb88-09a3-5904-8e1f-96887c84a0c6,818b24b9-5393-5309-9bd0-eb7da17a093b,4b8eae41-d28e-590e-8351-9a10bde79532,78ad0112-4e57-4f44-aafc-c32ac479ff8b,2026-07-04T10:30:00+09:00,WITHDRAWAL,46600,KRW,국립중앙박물관 2호점,TRUE,FALSE,FALSE,FALSE,RULE,1,MOCK,SCN-04-TXN-0005,2026-07-04T10:30:00+09:00,2026-07-04T10:30:00+09:00
32a121c1-e1e3-534c-ac95-87f0729f4e9f,818b24b9-5393-5309-9bd0-eb7da17a093b,9fa22f46-34e6-5de4-ad80-0a3f3f066646,8092f436-2059-4df5-9387-2a95d266b57c,2026-07-11T20:40:00+09:00,WITHDRAWAL,6100,KRW,투썸플레이스 2호점,TRUE,TRUE,FALSE,FALSE,RULE,1,MOCK,SCN-04-TXN-0006,2026-07-11T20:40:00+09:00,2026-07-11T20:40:00+09:00
eec076d4-fcb0-5a7b-8080-baee04aa177d,818b24b9-5393-5309-9bd0-eb7da17a093b,4b8eae41-d28e-590e-8351-9a10bde79532,a8b8023a-b451-4c57-ae64-9d6ceaecb546,2026-06-08T09:45:00+09:00,WITHDRAWAL,28500,KRW,CGV 2호점,TRUE,FALSE,FALSE,FALSE,RULE,1,MOCK,SCN-04-TXN-0007,2026-06-08T09:45:00+09:00,2026-06-08T09:45:00+09:00
6bb1f366-fe1a-5b7a-8bad-482ffc596dd8,818b24b9-5393-5309-9bd0-eb7da17a093b,4b8eae41-d28e-590e-8351-9a10bde79532,78ad0112-4e57-4f44-aafc-c32ac479ff8b,2026-05-12T10:00:00+09:00,WITHDRAWAL,35600,KRW,국립중앙박물관 3호점,FALSE,FALSE,FALSE,FALSE,RULE,1,MOCK,SCN-04-TXN-0008,2026-05-12T10:00:00+09:00,2026-05-12T10:00:00+09:00
42884695-f2b6-5e23-9455-7d659829ca6e,818b24b9-5393-5309-9bd0-eb7da17a093b,95fd55b4-6b74-5795-a420-36b3e80e5cfb,871e5a0f-4a9c-4643-8b79-d802448c0624,2026-05-28T20:20:00+09:00,WITHDRAWAL,31400,KRW,오리지널팬케이크 1호점,FALSE,TRUE,FALSE,FALSE,RULE,1,MOCK,SCN-04-TXN-0009,2026-05-28T20:20:00+09:00,2026-05-28T20:20:00+09:00
dcdaf831-ea45-5ec5-b2b7-616fe5f8dd55,818b24b9-5393-5309-9bd0-eb7da17a093b,e7ed42b4-dae9-593c-a8dd-191f511073f1,e7a1f1eb-c2de-4b2c-b3f1-aee93066646d,2026-06-20T15:30:00+09:00,WITHDRAWAL,1400,KRW,타다 1호점,TRUE,FALSE,FALSE,FALSE,RULE,1,MOCK,SCN-04-TXN-0010,2026-06-20T15:30:00+09:00,2026-06-20T15:30:00+09:00
e238a419-628c-5530-85cc-3a8d0dcf1b69,818b24b9-5393-5309-9bd0-eb7da17a093b,4b8eae41-d28e-590e-8351-9a10bde79532,78ad0112-4e57-4f44-aafc-c32ac479ff8b,2026-07-12T09:00:00+09:00,WITHDRAWAL,31700,KRW,국립중앙박물관 2호점,TRUE,FALSE,FALSE,FALSE,RULE,1,MOCK,SCN-04-TXN-0011,2026-07-12T09:00:00+09:00,2026-07-12T09:00:00+09:00
71b83ecb-f2d0-5f95-b88e-3e3b87b844e4,818b24b9-5393-5309-9bd0-eb7da17a093b,9fa22f46-34e6-5de4-ad80-0a3f3f066646,6f6c5158-63b0-4839-b4c9-ba8e35895743,2026-06-13T21:45:00+09:00,WITHDRAWAL,15100,KRW,뚜레쥬르 1호점,TRUE,FALSE,FALSE,FALSE,RULE,1,MOCK,SCN-04-TXN-0012,2026-06-13T21:45:00+09:00,2026-06-13T21:45:00+09:00
24e17c35-b7ef-5a25-8bfb-f28a62de3dc2,818b24b9-5393-5309-9bd0-eb7da17a093b,4b8eae41-d28e-590e-8351-9a10bde79532,a8b8023a-b451-4c57-ae64-9d6ceaecb546,2026-05-10T17:00:00+09:00,WITHDRAWAL,69400,KRW,인터파크티켓 1호점,TRUE,FALSE,FALSE,FALSE,RULE,1,MOCK,SCN-04-TXN-0013,2026-05-10T17:00:00+09:00,2026-05-10T17:00:00+09:00
4649a9be-a719-523a-aaa0-7257dcf56921,818b24b9-5393-5309-9bd0-eb7da17a093b,e7ed42b4-dae9-593c-a8dd-191f511073f1,78ad0112-4e57-4f44-aafc-c32ac479ff8b,2026-07-01T07:00:00+09:00,WITHDRAWAL,29000,KRW,교보문고 4호점,TRUE,FALSE,TRUE,FALSE,RULE,1,MOCK,SCN-04-TXN-0014,2026-07-01T07:00:00+09:00,2026-07-01T07:00:00+09:00
45322cee-7403-5cfb-97f3-c47af108c363,818b24b9-5393-5309-9bd0-eb7da17a093b,9fa22f46-34e6-5de4-ad80-0a3f3f066646,a8b8023a-b451-4c57-ae64-9d6ceaecb546,2026-05-14T15:10:00+09:00,WITHDRAWAL,93400,KRW,CGV 2호점,TRUE,FALSE,FALSE,FALSE,RULE,1,MOCK,SCN-04-TXN-0015,2026-05-14T15:10:00+09:00,2026-05-14T15:10:00+09:00
d95c3298-3ae7-538a-ab59-7e69c79e39cd,818b24b9-5393-5309-9bd0-eb7da17a093b,9fa22f46-34e6-5de4-ad80-0a3f3f066646,8092f436-2059-4df5-9387-2a95d266b57c,2026-06-21T22:45:00+09:00,WITHDRAWAL,75700,KRW,투썸플레이스 3호점,TRUE,TRUE,FALSE,FALSE,RULE,1,MOCK,SCN-04-TXN-0016,2026-06-21T22:45:00+09:00,2026-06-21T22:45:00+09:00
5f9b7b01-53f6-5837-81f1-8931f44fc757,818b24b9-5393-5309-9bd0-eb7da17a093b,95fd55b4-6b74-5795-a420-36b3e80e5cfb,871e5a0f-4a9c-4643-8b79-d802448c0624,2026-05-06T23:45:00+09:00,WITHDRAWAL,46700,KRW,브런치빈 2호점,TRUE,FALSE,FALSE,FALSE,RULE,1,MOCK,SCN-04-TXN-0017,2026-05-06T23:45:00+09:00,2026-05-06T23:45:00+09:00
584ba6bf-a31b-5939-b884-65d13a674156,818b24b9-5393-5309-9bd0-eb7da17a093b,95fd55b4-6b74-5795-a420-36b3e80e5cfb,a8b8023a-b451-4c57-ae64-9d6ceaecb546,2026-06-08T19:40:00+09:00,WITHDRAWAL,82700,KRW,CGV 3호점,TRUE,FALSE,FALSE,FALSE,RULE,1,MOCK,SCN-04-TXN-0018,2026-06-08T19:40:00+09:00,2026-06-08T19:40:00+09:00
5b8d8ef8-bb01-5040-ac11-30c2298643cb,818b24b9-5393-5309-9bd0-eb7da17a093b,9fa22f46-34e6-5de4-ad80-0a3f3f066646,8092f436-2059-4df5-9387-2a95d266b57c,2026-05-30T12:40:00+09:00,WITHDRAWAL,3200,KRW,메가커피 1호점,TRUE,TRUE,FALSE,FALSE,RULE,1,MOCK,SCN-04-TXN-0019,2026-05-30T12:40:00+09:00,2026-05-30T12:40:00+09:00
f0935987-ddeb-53f0-a7e0-9f73186602e1,818b24b9-5393-5309-9bd0-eb7da17a093b,9fa22f46-34e6-5de4-ad80-0a3f3f066646,3cdf72b5-3b0c-43c7-92a4-fb5261621ce6,2026-07-19T19:05:00+09:00,WITHDRAWAL,257600,KRW,올리브영선물 1호점,TRUE,TRUE,FALSE,FALSE,RULE,1,MOCK,SCN-04-TXN-0020,2026-07-19T19:05:00+09:00,2026-07-19T19:05:00+09:00
766cf5cb-a9b0-5978-9554-d1145a7ecbe3,818b24b9-5393-5309-9bd0-eb7da17a093b,95fd55b4-6b74-5795-a420-36b3e80e5cfb,78ad0112-4e57-4f44-aafc-c32ac479ff8b,2026-05-17T21:45:00+09:00,WITHDRAWAL,5900,KRW,국립중앙박물관 5호점,TRUE,FALSE,TRUE,FALSE,RULE,1,MOCK,SCN-04-TXN-0021,2026-05-17T21:45:00+09:00,2026-05-17T21:45:00+09:00
49924df3-381f-55c1-9ef4-5f22b42f0c6c,818b24b9-5393-5309-9bd0-eb7da17a093b,9fa22f46-34e6-5de4-ad80-0a3f3f066646,55a79dbc-6b92-4895-9efb-42b06c11c3a3,2026-07-11T10:50:00+09:00,WITHDRAWAL,33700,KRW,무신사 1호점,TRUE,FALSE,FALSE,FALSE,RULE,1,MOCK,SCN-04-TXN-0022,2026-07-11T10:50:00+09:00,2026-07-11T10:50:00+09:00
610d15cc-1971-552d-a71d-528bc94ed6b6,818b24b9-5393-5309-9bd0-eb7da17a093b,9fa22f46-34e6-5de4-ad80-0a3f3f066646,a8b8023a-b451-4c57-ae64-9d6ceaecb546,2026-05-10T19:45:00+09:00,WITHDRAWAL,26100,KRW,메가박스 4호점,TRUE,TRUE,TRUE,FALSE,RULE,1,MOCK,SCN-04-TXN-0023,2026-05-10T19:45:00+09:00,2026-05-10T19:45:00+09:00
d7132e06-8064-596c-897d-01a2a62643ad,818b24b9-5393-5309-9bd0-eb7da17a093b,e7ed42b4-dae9-593c-a8dd-191f511073f1,871e5a0f-4a9c-4643-8b79-d802448c0624,2026-05-23T12:20:00+09:00,WITHDRAWAL,53300,KRW,카페마마스 3호점,TRUE,FALSE,FALSE,FALSE,RULE,1,MOCK,SCN-04-TXN-0024,2026-05-23T12:20:00+09:00,2026-05-23T12:20:00+09:00
59c47354-e12e-536f-a616-1b46d9648cb0,818b24b9-5393-5309-9bd0-eb7da17a093b,4b8eae41-d28e-590e-8351-9a10bde79532,78ad0112-4e57-4f44-aafc-c32ac479ff8b,2026-07-12T22:10:00+09:00,WITHDRAWAL,16200,KRW,교보문고 4호점,TRUE,FALSE,FALSE,FALSE,RULE,1,MOCK,SCN-04-TXN-0025,2026-07-12T22:10:00+09:00,2026-07-12T22:10:00+09:00
330ced9f-797c-5751-96ac-57e1954b3556,818b24b9-5393-5309-9bd0-eb7da17a093b,9fa22f46-34e6-5de4-ad80-0a3f3f066646,47eb65b3-13f8-4e93-b055-9dd0a09bde5b,2026-05-31T19:40:00+09:00,WITHDRAWAL,58600,KRW,보드게임카페 1호점,TRUE,TRUE,FALSE,FALSE,RULE,1,MOCK,SCN-04-TXN-0026,2026-05-31T19:40:00+09:00,2026-05-31T19:40:00+09:00
67bd02b2-65c9-5132-bc6c-4b461f8a6d82,818b24b9-5393-5309-9bd0-eb7da17a093b,e7ed42b4-dae9-593c-a8dd-191f511073f1,6f6c5158-63b0-4839-b4c9-ba8e35895743,2026-07-25T23:00:00+09:00,WITHDRAWAL,17300,KRW,뚜레쥬르 1호점,FALSE,FALSE,FALSE,FALSE,RULE,1,MOCK,SCN-04-TXN-0027,2026-07-25T23:00:00+09:00,2026-07-25T23:00:00+09:00
e54e66e0-04ad-5313-95d5-0e826c5f6d2e,818b24b9-5393-5309-9bd0-eb7da17a093b,4b8eae41-d28e-590e-8351-9a10bde79532,a8b8023a-b451-4c57-ae64-9d6ceaecb546,2026-07-14T10:45:00+09:00,WITHDRAWAL,36800,KRW,인터파크티켓 5호점,TRUE,FALSE,FALSE,FALSE,RULE,1,MOCK,SCN-04-TXN-0028,2026-07-14T10:45:00+09:00,2026-07-14T10:45:00+09:00
a9b78f27-3f5e-5ef9-b454-f5f3a1520dd3,818b24b9-5393-5309-9bd0-eb7da17a093b,9fa22f46-34e6-5de4-ad80-0a3f3f066646,78ad0112-4e57-4f44-aafc-c32ac479ff8b,2026-06-14T21:15:00+09:00,WITHDRAWAL,22500,KRW,예술의전당 6호점,TRUE,TRUE,TRUE,FALSE,RULE,1,MOCK,SCN-04-TXN-0029,2026-06-14T21:15:00+09:00,2026-06-14T21:15:00+09:00
a75fafe2-c525-5f0a-bc9e-6d52cdcb5d73,818b24b9-5393-5309-9bd0-eb7da17a093b,4b8eae41-d28e-590e-8351-9a10bde79532,55a79dbc-6b92-4895-9efb-42b06c11c3a3,2026-07-26T10:50:00+09:00,WITHDRAWAL,106600,KRW,자라 2호점,FALSE,TRUE,FALSE,FALSE,RULE,1,MOCK,SCN-04-TXN-0030,2026-07-26T10:50:00+09:00,2026-07-26T10:50:00+09:00
ed9e6b6b-7dd5-5d00-a546-0e7c8744c25e,818b24b9-5393-5309-9bd0-eb7da17a093b,e7ed42b4-dae9-593c-a8dd-191f511073f1,871e5a0f-4a9c-4643-8b79-d802448c0624,2026-06-20T22:15:00+09:00,WITHDRAWAL,32500,KRW,브런치빈 4호점,TRUE,FALSE,TRUE,FALSE,RULE,1,MOCK,SCN-04-TXN-0031,2026-06-20T22:15:00+09:00,2026-06-20T22:15:00+09:00
88a4eb8a-2086-5f0e-9434-d40657266f9a,818b24b9-5393-5309-9bd0-eb7da17a093b,95fd55b4-6b74-5795-a420-36b3e80e5cfb,a8b8023a-b451-4c57-ae64-9d6ceaecb546,2026-06-28T23:45:00+09:00,WITHDRAWAL,1000,KRW,인터파크티켓 6호점,TRUE,FALSE,FALSE,FALSE,RULE,1,MOCK,SCN-04-TXN-0032,2026-06-28T23:45:00+09:00,2026-06-28T23:45:00+09:00
d1663ad7-79f3-517a-85c9-f7ab50489c5d,818b24b9-5393-5309-9bd0-eb7da17a093b,e7ed42b4-dae9-593c-a8dd-191f511073f1,78ad0112-4e57-4f44-aafc-c32ac479ff8b,2026-07-26T11:05:00+09:00,WITHDRAWAL,21600,KRW,국립중앙박물관 5호점,TRUE,TRUE,FALSE,FALSE,RULE,1,MOCK,SCN-04-TXN-0033,2026-07-26T11:05:00+09:00,2026-07-26T11:05:00+09:00
f76f0183-c099-5a6b-9159-407766551557,818b24b9-5393-5309-9bd0-eb7da17a093b,e7ed42b4-dae9-593c-a8dd-191f511073f1,8092f436-2059-4df5-9387-2a95d266b57c,2026-05-23T14:20:00+09:00,WITHDRAWAL,2500,KRW,동네카페 4호점,TRUE,TRUE,FALSE,FALSE,RULE,1,MOCK,SCN-04-TXN-0034,2026-05-23T14:20:00+09:00,2026-05-23T14:20:00+09:00
f15dba13-a98a-5dc2-ace9-7fea30e80959,818b24b9-5393-5309-9bd0-eb7da17a093b,95fd55b4-6b74-5795-a420-36b3e80e5cfb,3cdf72b5-3b0c-43c7-92a4-fb5261621ce6,2026-07-23T23:45:00+09:00,WITHDRAWAL,55500,KRW,카카오톡선물하기 2호점,TRUE,FALSE,FALSE,FALSE,RULE,1,MOCK,SCN-04-TXN-0035,2026-07-23T23:45:00+09:00,2026-07-23T23:45:00+09:00
a4b84b1a-fae5-5e94-b74f-ff3e22854134,818b24b9-5393-5309-9bd0-eb7da17a093b,e7ed42b4-dae9-593c-a8dd-191f511073f1,a8b8023a-b451-4c57-ae64-9d6ceaecb546,2026-06-28T14:50:00+09:00,WITHDRAWAL,26400,KRW,메가박스 7호점,TRUE,FALSE,FALSE,FALSE,RULE,1,MOCK,SCN-04-TXN-0036,2026-06-28T14:50:00+09:00,2026-06-28T14:50:00+09:00
862ad502-bf86-5021-ae1b-383573716628,818b24b9-5393-5309-9bd0-eb7da17a093b,e7ed42b4-dae9-593c-a8dd-191f511073f1,6f6c5158-63b0-4839-b4c9-ba8e35895743,2026-06-27T18:45:00+09:00,WITHDRAWAL,16300,KRW,뚜레쥬르 1호점,TRUE,TRUE,FALSE,FALSE,RULE,1,MOCK,SCN-04-TXN-0037,2026-06-27T18:45:00+09:00,2026-06-27T18:45:00+09:00
9856983c-8088-5648-95cc-9005e83f9f51,818b24b9-5393-5309-9bd0-eb7da17a093b,e7ed42b4-dae9-593c-a8dd-191f511073f1,8092f436-2059-4df5-9387-2a95d266b57c,2026-05-08T15:20:00+09:00,WITHDRAWAL,2700,KRW,투썸플레이스 5호점,TRUE,TRUE,FALSE,FALSE,RULE,1,MOCK,SCN-04-TXN-0038,2026-05-08T15:20:00+09:00,2026-05-08T15:20:00+09:00
56c1d8f1-fe3c-5fb7-a96c-b43776f699a7,818b24b9-5393-5309-9bd0-eb7da17a093b,4b8eae41-d28e-590e-8351-9a10bde79532,3cdf72b5-3b0c-43c7-92a4-fb5261621ce6,2026-05-18T13:00:00+09:00,WITHDRAWAL,64700,KRW,꽃집 3호점,FALSE,FALSE,FALSE,FALSE,RULE,1,MOCK,SCN-04-TXN-0039,2026-05-18T13:00:00+09:00,2026-05-18T13:00:00+09:00
a1c52bdd-a1a4-520f-9dd1-6757c7120a5b,818b24b9-5393-5309-9bd0-eb7da17a093b,9fa22f46-34e6-5de4-ad80-0a3f3f066646,78ad0112-4e57-4f44-aafc-c32ac479ff8b,2026-06-27T18:40:00+09:00,WITHDRAWAL,38800,KRW,교보문고 4호점,TRUE,TRUE,FALSE,FALSE,RULE,1,MOCK,SCN-04-TXN-0040,2026-06-27T18:40:00+09:00,2026-06-27T18:40:00+09:00
440de713-8ed6-5fb3-9a8c-3e93d3b33cd9,818b24b9-5393-5309-9bd0-eb7da17a093b,9fa22f46-34e6-5de4-ad80-0a3f3f066646,78ad0112-4e57-4f44-aafc-c32ac479ff8b,2026-06-28T12:05:00+09:00,WITHDRAWAL,24600,KRW,교보문고 7호점,FALSE,FALSE,FALSE,FALSE,RULE,1,MOCK,SCN-04-TXN-0041,2026-06-28T12:05:00+09:00,2026-06-28T12:05:00+09:00
60ed884b-edb4-5ad4-b7bd-e7f385ddd7f7,818b24b9-5393-5309-9bd0-eb7da17a093b,4b8eae41-d28e-590e-8351-9a10bde79532,78ad0112-4e57-4f44-aafc-c32ac479ff8b,2026-07-27T07:05:00+09:00,WITHDRAWAL,56700,KRW,교보문고 8호점,FALSE,FALSE,TRUE,FALSE,RULE,1,MOCK,SCN-04-TXN-0042,2026-07-27T07:05:00+09:00,2026-07-27T07:05:00+09:00
4411cc88-7b76-5cc7-8a51-3ee378c449f7,818b24b9-5393-5309-9bd0-eb7da17a093b,95fd55b4-6b74-5795-a420-36b3e80e5cfb,8092f436-2059-4df5-9387-2a95d266b57c,2026-05-17T11:10:00+09:00,WITHDRAWAL,1100,KRW,동네카페 6호점,TRUE,FALSE,TRUE,FALSE,RULE,1,MOCK,SCN-04-TXN-0043,2026-05-17T11:10:00+09:00,2026-05-17T11:10:00+09:00
c9433071-c426-5af0-b390-1f1b3b06cb63,818b24b9-5393-5309-9bd0-eb7da17a093b,9fa22f46-34e6-5de4-ad80-0a3f3f066646,a8b8023a-b451-4c57-ae64-9d6ceaecb546,2026-06-24T08:00:00+09:00,WITHDRAWAL,78000,KRW,메가박스 8호점,TRUE,TRUE,FALSE,FALSE,RULE,1,MOCK,SCN-04-TXN-0044,2026-06-24T08:00:00+09:00,2026-06-24T08:00:00+09:00
1b4b1bad-3835-58e3-87f4-049dc91c41f0,818b24b9-5393-5309-9bd0-eb7da17a093b,e7ed42b4-dae9-593c-a8dd-191f511073f1,a8b8023a-b451-4c57-ae64-9d6ceaecb546,2026-06-24T14:05:00+09:00,WITHDRAWAL,51200,KRW,CGV 9호점,TRUE,TRUE,FALSE,FALSE,RULE,1,MOCK,SCN-04-TXN-0045,2026-06-24T14:05:00+09:00,2026-06-24T14:05:00+09:00
bedd1546-1e23-5f2c-936b-f25b5fa7dc56,818b24b9-5393-5309-9bd0-eb7da17a093b,4b8eae41-d28e-590e-8351-9a10bde79532,871e5a0f-4a9c-4643-8b79-d802448c0624,2026-07-26T22:00:00+09:00,WITHDRAWAL,25500,KRW,브런치빈 2호점,TRUE,TRUE,FALSE,FALSE,RULE,1,MOCK,SCN-04-TXN-0046,2026-07-26T22:00:00+09:00,2026-07-26T22:00:00+09:00
2ce6e47b-791e-56fd-810d-8b61ef7da61b,818b24b9-5393-5309-9bd0-eb7da17a093b,4b8eae41-d28e-590e-8351-9a10bde79532,e7a1f1eb-c2de-4b2c-b3f1-aee93066646d,2026-05-12T09:05:00+09:00,WITHDRAWAL,18200,KRW,우티 2호점,TRUE,FALSE,FALSE,FALSE,RULE,1,MOCK,SCN-04-TXN-0047,2026-05-12T09:05:00+09:00,2026-05-12T09:05:00+09:00
45cc4e14-874e-51cb-b249-25cc3f7e4e7e,818b24b9-5393-5309-9bd0-eb7da17a093b,9fa22f46-34e6-5de4-ad80-0a3f3f066646,78ad0112-4e57-4f44-aafc-c32ac479ff8b,2026-07-05T21:20:00+09:00,WITHDRAWAL,50100,KRW,교보문고 9호점,TRUE,FALSE,FALSE,FALSE,RULE,1,MOCK,SCN-04-TXN-0048,2026-07-05T21:20:00+09:00,2026-07-05T21:20:00+09:00
46a3a6fb-7d1a-5ec1-9faf-d7d08c2c0216,818b24b9-5393-5309-9bd0-eb7da17a093b,4b8eae41-d28e-590e-8351-9a10bde79532,a8b8023a-b451-4c57-ae64-9d6ceaecb546,2026-05-02T12:10:00+09:00,WITHDRAWAL,46600,KRW,인터파크티켓 10호점,TRUE,FALSE,FALSE,FALSE,RULE,1,MOCK,SCN-04-TXN-0049,2026-05-02T12:10:00+09:00,2026-05-02T12:10:00+09:00
258716a0-80e9-5b9f-a952-b32e2bfa07ed,818b24b9-5393-5309-9bd0-eb7da17a093b,4b8eae41-d28e-590e-8351-9a10bde79532,871e5a0f-4a9c-4643-8b79-d802448c0624,2026-06-20T23:50:00+09:00,WITHDRAWAL,1000,KRW,브런치빈 5호점,TRUE,FALSE,FALSE,FALSE,RULE,1,MOCK,SCN-04-TXN-0050,2026-06-20T23:50:00+09:00,2026-06-20T23:50:00+09:00
904e5619-8821-51a8-bdd7-6a3952f06169,b339846a-dde8-5a59-9832-99ad7fb75535,ff7c694c-d765-5b1a-98a3-8b9bacc6282e,6cc93ee2-deb4-4cab-bc1c-a303141f434e,2026-06-20T23:05:00+09:00,WITHDRAWAL,27100,KRW,본죽,TRUE,FALSE,FALSE,FALSE,RULE,1,MOCK,SCN-05-TXN-0001,2026-06-20T23:05:00+09:00,2026-06-20T23:05:00+09:00
710c5df2-d496-504e-98af-6269469766d8,b339846a-dde8-5a59-9832-99ad7fb75535,bcf4603f-3201-54ec-a402-eb81e3bdd711,8092f436-2059-4df5-9387-2a95d266b57c,2026-05-23T23:10:00+09:00,WITHDRAWAL,8500,KRW,스타벅스,TRUE,TRUE,FALSE,FALSE,RULE,1,MOCK,SCN-05-TXN-0002,2026-05-23T23:10:00+09:00,2026-05-23T23:10:00+09:00
cc20752a-430c-5d21-8431-3024b1f3d792,b339846a-dde8-5a59-9832-99ad7fb75535,bcf4603f-3201-54ec-a402-eb81e3bdd711,6cc93ee2-deb4-4cab-bc1c-a303141f434e,2026-05-04T21:20:00+09:00,WITHDRAWAL,9000,KRW,본죽,TRUE,TRUE,FALSE,FALSE,RULE,1,MOCK,SCN-05-TXN-0003,2026-05-04T21:20:00+09:00,2026-05-04T21:20:00+09:00
76f9fb83-a68d-57fc-bab7-37cfae0aaca3,b339846a-dde8-5a59-9832-99ad7fb75535,bcf4603f-3201-54ec-a402-eb81e3bdd711,8092f436-2059-4df5-9387-2a95d266b57c,2026-07-26T10:50:00+09:00,WITHDRAWAL,37200,KRW,스타벅스,TRUE,FALSE,TRUE,FALSE,RULE,1,MOCK,SCN-05-TXN-0004,2026-07-26T10:50:00+09:00,2026-07-26T10:50:00+09:00
049ebb5c-c0c1-53f2-98bd-7d1530c1d2fc,b339846a-dde8-5a59-9832-99ad7fb75535,ff7c694c-d765-5b1a-98a3-8b9bacc6282e,e7a1f1eb-c2de-4b2c-b3f1-aee93066646d,2026-05-05T23:40:00+09:00,WITHDRAWAL,13500,KRW,카카오T,TRUE,TRUE,FALSE,FALSE,RULE,1,MOCK,SCN-05-TXN-0005,2026-05-05T23:40:00+09:00,2026-05-05T23:40:00+09:00
5cf85457-4fab-557a-9cc2-55a97597397a,b339846a-dde8-5a59-9832-99ad7fb75535,bcf4603f-3201-54ec-a402-eb81e3bdd711,6f6c5158-63b0-4839-b4c9-ba8e35895743,2026-06-21T21:20:00+09:00,WITHDRAWAL,9700,KRW,파리바게뜨,TRUE,FALSE,TRUE,FALSE,RULE,1,MOCK,SCN-05-TXN-0006,2026-06-21T21:20:00+09:00,2026-06-21T21:20:00+09:00
94e91ba8-31a8-50ad-9200-3364ac1256c6,b339846a-dde8-5a59-9832-99ad7fb75535,ff7c694c-d765-5b1a-98a3-8b9bacc6282e,6cc93ee2-deb4-4cab-bc1c-a303141f434e,2026-06-01T22:45:00+09:00,WITHDRAWAL,31400,KRW,본죽,TRUE,FALSE,FALSE,FALSE,RULE,1,MOCK,SCN-05-TXN-0007,2026-06-01T22:45:00+09:00,2026-06-01T22:45:00+09:00
21d66d3b-706a-5467-9540-c948168ecf2f,b339846a-dde8-5a59-9832-99ad7fb75535,ff7c694c-d765-5b1a-98a3-8b9bacc6282e,6cc93ee2-deb4-4cab-bc1c-a303141f434e,2026-05-01T13:20:00+09:00,WITHDRAWAL,36600,KRW,본죽,TRUE,FALSE,FALSE,FALSE,RULE,1,MOCK,SCN-05-TXN-0008,2026-05-01T13:20:00+09:00,2026-05-01T13:20:00+09:00
9a1ba744-2e63-55a3-9d6e-f7b5123546d9,b339846a-dde8-5a59-9832-99ad7fb75535,ff7c694c-d765-5b1a-98a3-8b9bacc6282e,e7a1f1eb-c2de-4b2c-b3f1-aee93066646d,2026-05-30T15:40:00+09:00,WITHDRAWAL,3900,KRW,우티,TRUE,FALSE,FALSE,FALSE,RULE,1,MOCK,SCN-05-TXN-0009,2026-05-30T15:40:00+09:00,2026-05-30T15:40:00+09:00
ea740a4c-22d8-5d81-9476-180e49ed2895,b339846a-dde8-5a59-9832-99ad7fb75535,bcf4603f-3201-54ec-a402-eb81e3bdd711,8092f436-2059-4df5-9387-2a95d266b57c,2026-05-17T20:30:00+09:00,WITHDRAWAL,6300,KRW,스타벅스,TRUE,FALSE,FALSE,FALSE,RULE,1,MOCK,SCN-05-TXN-0010,2026-05-17T20:30:00+09:00,2026-05-17T20:30:00+09:00
797a76d6-5d5d-5ba4-a636-afc7ad39366b,b339846a-dde8-5a59-9832-99ad7fb75535,bcf4603f-3201-54ec-a402-eb81e3bdd711,6cc93ee2-deb4-4cab-bc1c-a303141f434e,2026-06-27T21:05:00+09:00,WITHDRAWAL,20600,KRW,한솥도시락,TRUE,FALSE,FALSE,FALSE,RULE,1,MOCK,SCN-05-TXN-0011,2026-06-27T21:05:00+09:00,2026-06-27T21:05:00+09:00
ab257faf-5225-5eba-9292-d9d399956b61,b339846a-dde8-5a59-9832-99ad7fb75535,bcf4603f-3201-54ec-a402-eb81e3bdd711,3cdf72b5-3b0c-43c7-92a4-fb5261621ce6,2026-07-17T20:10:00+09:00,WITHDRAWAL,202100,KRW,올리브영선물,TRUE,TRUE,FALSE,FALSE,RULE,1,MOCK,SCN-05-TXN-0012,2026-07-17T20:10:00+09:00,2026-07-17T20:10:00+09:00
607fc66c-b1f7-51a3-9082-75613d8d9b97,b339846a-dde8-5a59-9832-99ad7fb75535,ff7c694c-d765-5b1a-98a3-8b9bacc6282e,3cdf72b5-3b0c-43c7-92a4-fb5261621ce6,2026-07-10T21:05:00+09:00,WITHDRAWAL,84900,KRW,올리브영선물,TRUE,TRUE,TRUE,FALSE,RULE,1,MOCK,SCN-05-TXN-0013,2026-07-10T21:05:00+09:00,2026-07-10T21:05:00+09:00
dcfb1756-76be-5ffb-bfaf-0a4f34abd745,b339846a-dde8-5a59-9832-99ad7fb75535,bcf4603f-3201-54ec-a402-eb81e3bdd711,8092f436-2059-4df5-9387-2a95d266b57c,2026-05-10T18:15:00+09:00,WITHDRAWAL,11400,KRW,스타벅스,FALSE,FALSE,TRUE,FALSE,RULE,1,MOCK,SCN-05-TXN-0014,2026-05-10T18:15:00+09:00,2026-05-10T18:15:00+09:00
7c54bb0a-c1fe-547a-8a64-8ff2f71e1caa,b339846a-dde8-5a59-9832-99ad7fb75535,ff7c694c-d765-5b1a-98a3-8b9bacc6282e,6cc93ee2-deb4-4cab-bc1c-a303141f434e,2026-06-20T21:40:00+09:00,WITHDRAWAL,31400,KRW,본죽,TRUE,TRUE,FALSE,FALSE,RULE,1,MOCK,SCN-05-TXN-0015,2026-06-20T21:40:00+09:00,2026-06-20T21:40:00+09:00
d73bd028-9421-5156-81ce-3961f4808764,b339846a-dde8-5a59-9832-99ad7fb75535,ff7c694c-d765-5b1a-98a3-8b9bacc6282e,6cc93ee2-deb4-4cab-bc1c-a303141f434e,2026-07-01T20:40:00+09:00,WITHDRAWAL,21000,KRW,한솥도시락,TRUE,TRUE,FALSE,FALSE,RULE,1,MOCK,SCN-05-TXN-0016,2026-07-01T20:40:00+09:00,2026-07-01T20:40:00+09:00
79196f7b-c013-570d-9592-a1eebb072c34,b339846a-dde8-5a59-9832-99ad7fb75535,bcf4603f-3201-54ec-a402-eb81e3bdd711,e7a1f1eb-c2de-4b2c-b3f1-aee93066646d,2026-06-14T15:30:00+09:00,WITHDRAWAL,46500,KRW,우티,TRUE,TRUE,FALSE,FALSE,RULE,1,MOCK,SCN-05-TXN-0017,2026-06-14T15:30:00+09:00,2026-06-14T15:30:00+09:00
ae77b38e-56aa-5616-b820-1eb678a65ac7,b339846a-dde8-5a59-9832-99ad7fb75535,ff7c694c-d765-5b1a-98a3-8b9bacc6282e,8092f436-2059-4df5-9387-2a95d266b57c,2026-05-13T19:20:00+09:00,WITHDRAWAL,10500,KRW,스타벅스,TRUE,FALSE,FALSE,FALSE,RULE,1,MOCK,SCN-05-TXN-0018,2026-05-13T19:20:00+09:00,2026-05-13T19:20:00+09:00
dfa657b7-09c0-574b-b5ae-dc48f23db6ae,b339846a-dde8-5a59-9832-99ad7fb75535,bcf4603f-3201-54ec-a402-eb81e3bdd711,6f6c5158-63b0-4839-b4c9-ba8e35895743,2026-05-23T22:30:00+09:00,WITHDRAWAL,18400,KRW,파리바게뜨,TRUE,FALSE,FALSE,FALSE,RULE,1,MOCK,SCN-05-TXN-0019,2026-05-23T22:30:00+09:00,2026-05-23T22:30:00+09:00
c5b4dcdd-7940-57c7-817e-a8c6ed93e398,b339846a-dde8-5a59-9832-99ad7fb75535,ff7c694c-d765-5b1a-98a3-8b9bacc6282e,6f6c5158-63b0-4839-b4c9-ba8e35895743,2026-05-23T18:00:00+09:00,WITHDRAWAL,8500,KRW,파리바게뜨,TRUE,TRUE,FALSE,FALSE,RULE,1,MOCK,SCN-05-TXN-0020,2026-05-23T18:00:00+09:00,2026-05-23T18:00:00+09:00
70c63abc-fb74-59d9-89fb-29e34e8e92cb,b339846a-dde8-5a59-9832-99ad7fb75535,bcf4603f-3201-54ec-a402-eb81e3bdd711,3cdf72b5-3b0c-43c7-92a4-fb5261621ce6,2026-06-11T19:10:00+09:00,WITHDRAWAL,38600,KRW,올리브영선물,FALSE,FALSE,FALSE,FALSE,RULE,1,MOCK,SCN-05-TXN-0021,2026-06-11T19:10:00+09:00,2026-06-11T19:10:00+09:00
b684fc70-effa-514c-84cb-ecd3fd4611d3,b339846a-dde8-5a59-9832-99ad7fb75535,bcf4603f-3201-54ec-a402-eb81e3bdd711,6f6c5158-63b0-4839-b4c9-ba8e35895743,2026-05-23T15:30:00+09:00,WITHDRAWAL,2400,KRW,파리바게뜨,TRUE,FALSE,TRUE,FALSE,RULE,1,MOCK,SCN-05-TXN-0022,2026-05-23T15:30:00+09:00,2026-05-23T15:30:00+09:00
e48cec2f-1ab2-59dd-a0ae-a1f71c97661c,b339846a-dde8-5a59-9832-99ad7fb75535,ff7c694c-d765-5b1a-98a3-8b9bacc6282e,6cc93ee2-deb4-4cab-bc1c-a303141f434e,2026-05-05T20:15:00+09:00,WITHDRAWAL,20100,KRW,한솥도시락,TRUE,TRUE,FALSE,FALSE,RULE,1,MOCK,SCN-05-TXN-0023,2026-05-05T20:15:00+09:00,2026-05-05T20:15:00+09:00
5d24e4ad-aeb9-571f-8b49-ceb5d437cd01,b339846a-dde8-5a59-9832-99ad7fb75535,ff7c694c-d765-5b1a-98a3-8b9bacc6282e,6cc93ee2-deb4-4cab-bc1c-a303141f434e,2026-07-21T12:45:00+09:00,WITHDRAWAL,322400,KRW,본죽,TRUE,TRUE,FALSE,FALSE,RULE,1,MOCK,SCN-05-TXN-0024,2026-07-21T12:45:00+09:00,2026-07-21T12:45:00+09:00
10879d68-e077-5ffb-8585-6dae046adfa6,b339846a-dde8-5a59-9832-99ad7fb75535,ff7c694c-d765-5b1a-98a3-8b9bacc6282e,6cc93ee2-deb4-4cab-bc1c-a303141f434e,2026-06-22T21:30:00+09:00,WITHDRAWAL,20000,KRW,한솥도시락,TRUE,TRUE,FALSE,FALSE,RULE,1,MOCK,SCN-05-TXN-0025,2026-06-22T21:30:00+09:00,2026-06-22T21:30:00+09:00
8386315a-f4c0-5b02-b0cc-1c13cc3da258,b339846a-dde8-5a59-9832-99ad7fb75535,bcf4603f-3201-54ec-a402-eb81e3bdd711,3cdf72b5-3b0c-43c7-92a4-fb5261621ce6,2026-05-10T21:10:00+09:00,WITHDRAWAL,59200,KRW,올리브영선물,TRUE,FALSE,FALSE,FALSE,RULE,1,MOCK,SCN-05-TXN-0026,2026-05-10T21:10:00+09:00,2026-05-10T21:10:00+09:00
9400defb-0533-5d95-9878-2ac71af2ad3b,b339846a-dde8-5a59-9832-99ad7fb75535,ff7c694c-d765-5b1a-98a3-8b9bacc6282e,6f6c5158-63b0-4839-b4c9-ba8e35895743,2026-06-06T18:00:00+09:00,WITHDRAWAL,6500,KRW,파리바게뜨,TRUE,FALSE,FALSE,FALSE,RULE,1,MOCK,SCN-05-TXN-0027,2026-06-06T18:00:00+09:00,2026-06-06T18:00:00+09:00
54d6b948-903d-5b26-96ce-3209573a3554,b339846a-dde8-5a59-9832-99ad7fb75535,ff7c694c-d765-5b1a-98a3-8b9bacc6282e,6f6c5158-63b0-4839-b4c9-ba8e35895743,2026-06-07T14:05:00+09:00,WITHDRAWAL,13200,KRW,파리바게뜨,TRUE,FALSE,FALSE,FALSE,RULE,1,MOCK,SCN-05-TXN-0028,2026-06-07T14:05:00+09:00,2026-06-07T14:05:00+09:00
39251b64-d6f9-5e64-b1d7-22fa6ea929e5,b339846a-dde8-5a59-9832-99ad7fb75535,ff7c694c-d765-5b1a-98a3-8b9bacc6282e,6f6c5158-63b0-4839-b4c9-ba8e35895743,2026-06-17T18:20:00+09:00,WITHDRAWAL,11100,KRW,파리바게뜨,TRUE,TRUE,FALSE,FALSE,RULE,1,MOCK,SCN-05-TXN-0029,2026-06-17T18:20:00+09:00,2026-06-17T18:20:00+09:00
aa435a38-9674-5ac7-a48b-a8e58c07455f,b339846a-dde8-5a59-9832-99ad7fb75535,bcf4603f-3201-54ec-a402-eb81e3bdd711,6cc93ee2-deb4-4cab-bc1c-a303141f434e,2026-07-15T18:40:00+09:00,WITHDRAWAL,3300,KRW,한솥도시락,TRUE,FALSE,FALSE,FALSE,RULE,1,MOCK,SCN-05-TXN-0030,2026-07-15T18:40:00+09:00,2026-07-15T18:40:00+09:00
bf828e00-32a9-5528-9a7f-40fd964711f3,b339846a-dde8-5a59-9832-99ad7fb75535,ff7c694c-d765-5b1a-98a3-8b9bacc6282e,6f6c5158-63b0-4839-b4c9-ba8e35895743,2026-07-04T22:10:00+09:00,WITHDRAWAL,12100,KRW,파리바게뜨,FALSE,FALSE,TRUE,FALSE,RULE,1,MOCK,SCN-05-TXN-0031,2026-07-04T22:10:00+09:00,2026-07-04T22:10:00+09:00
3dc5d6b5-af05-59e4-a236-265ff5bf1f73,b339846a-dde8-5a59-9832-99ad7fb75535,ff7c694c-d765-5b1a-98a3-8b9bacc6282e,8092f436-2059-4df5-9387-2a95d266b57c,2026-05-09T22:40:00+09:00,WITHDRAWAL,4800,KRW,스타벅스,FALSE,FALSE,FALSE,FALSE,RULE,1,MOCK,SCN-05-TXN-0032,2026-05-09T22:40:00+09:00,2026-05-09T22:40:00+09:00
90f94add-de6c-5e11-bdef-59cd90df49c9,b339846a-dde8-5a59-9832-99ad7fb75535,bcf4603f-3201-54ec-a402-eb81e3bdd711,a8b8023a-b451-4c57-ae64-9d6ceaecb546,2026-07-12T18:05:00+09:00,WITHDRAWAL,55000,KRW,인터파크티켓,TRUE,TRUE,FALSE,FALSE,RULE,1,MOCK,SCN-05-TXN-0033,2026-07-12T18:05:00+09:00,2026-07-12T18:05:00+09:00
2959d298-a34e-511a-a9b8-a882fe3dcbff,b339846a-dde8-5a59-9832-99ad7fb75535,bcf4603f-3201-54ec-a402-eb81e3bdd711,6f6c5158-63b0-4839-b4c9-ba8e35895743,2026-06-21T22:40:00+09:00,WITHDRAWAL,38600,KRW,파리바게뜨,TRUE,FALSE,FALSE,FALSE,RULE,1,MOCK,SCN-05-TXN-0034,2026-06-21T22:40:00+09:00,2026-06-21T22:40:00+09:00
4b645c38-85d1-5f85-897f-b91bd115c5a6,b339846a-dde8-5a59-9832-99ad7fb75535,ff7c694c-d765-5b1a-98a3-8b9bacc6282e,3cdf72b5-3b0c-43c7-92a4-fb5261621ce6,2026-05-30T23:45:00+09:00,WITHDRAWAL,57200,KRW,올리브영선물,TRUE,FALSE,FALSE,FALSE,RULE,1,MOCK,SCN-05-TXN-0035,2026-05-30T23:45:00+09:00,2026-05-30T23:45:00+09:00
f47f90d5-032b-5bb0-899d-118dbf806a12,b339846a-dde8-5a59-9832-99ad7fb75535,ff7c694c-d765-5b1a-98a3-8b9bacc6282e,3cdf72b5-3b0c-43c7-92a4-fb5261621ce6,2026-05-21T23:50:00+09:00,WITHDRAWAL,67500,KRW,올리브영선물,TRUE,FALSE,FALSE,FALSE,RULE,1,MOCK,SCN-05-TXN-0036,2026-05-21T23:50:00+09:00,2026-05-21T23:50:00+09:00
33c6b41d-cdc4-5f0a-9b73-587daf68704c,b339846a-dde8-5a59-9832-99ad7fb75535,ff7c694c-d765-5b1a-98a3-8b9bacc6282e,6cc93ee2-deb4-4cab-bc1c-a303141f434e,2026-06-28T20:15:00+09:00,WITHDRAWAL,14900,KRW,본죽,TRUE,FALSE,FALSE,FALSE,RULE,1,MOCK,SCN-05-TXN-0037,2026-06-28T20:15:00+09:00,2026-06-28T20:15:00+09:00
736c7665-ae6c-55c9-bbda-a89f2dc81b68,b339846a-dde8-5a59-9832-99ad7fb75535,ff7c694c-d765-5b1a-98a3-8b9bacc6282e,8092f436-2059-4df5-9387-2a95d266b57c,2026-06-14T20:05:00+09:00,WITHDRAWAL,4100,KRW,스타벅스,TRUE,FALSE,TRUE,FALSE,RULE,1,MOCK,SCN-05-TXN-0038,2026-06-14T20:05:00+09:00,2026-06-14T20:05:00+09:00
1c356c60-ab15-52c2-ba72-16893113a109,b339846a-dde8-5a59-9832-99ad7fb75535,ff7c694c-d765-5b1a-98a3-8b9bacc6282e,3cdf72b5-3b0c-43c7-92a4-fb5261621ce6,2026-07-05T23:00:00+09:00,WITHDRAWAL,49300,KRW,올리브영선물,TRUE,TRUE,TRUE,FALSE,RULE,1,MOCK,SCN-05-TXN-0039,2026-07-05T23:00:00+09:00,2026-07-05T23:00:00+09:00
5912f36d-b6c7-5f0a-9bf3-d513a79531b9,b339846a-dde8-5a59-9832-99ad7fb75535,ff7c694c-d765-5b1a-98a3-8b9bacc6282e,6cc93ee2-deb4-4cab-bc1c-a303141f434e,2026-06-14T19:45:00+09:00,WITHDRAWAL,35900,KRW,한솥도시락,TRUE,FALSE,FALSE,FALSE,RULE,1,MOCK,SCN-05-TXN-0040,2026-06-14T19:45:00+09:00,2026-06-14T19:45:00+09:00
74b64e6c-d818-5694-9cd5-b1c8bb050816,b339846a-dde8-5a59-9832-99ad7fb75535,bcf4603f-3201-54ec-a402-eb81e3bdd711,8092f436-2059-4df5-9387-2a95d266b57c,2026-06-06T18:45:00+09:00,WITHDRAWAL,11200,KRW,스타벅스,TRUE,FALSE,FALSE,FALSE,RULE,1,MOCK,SCN-05-TXN-0041,2026-06-06T18:45:00+09:00,2026-06-06T18:45:00+09:00
688366c4-8dd7-5c5a-b8e9-873f446ec644,b339846a-dde8-5a59-9832-99ad7fb75535,bcf4603f-3201-54ec-a402-eb81e3bdd711,6cc93ee2-deb4-4cab-bc1c-a303141f434e,2026-07-16T20:10:00+09:00,WITHDRAWAL,1000,KRW,한솥도시락,TRUE,FALSE,FALSE,FALSE,RULE,1,MOCK,SCN-05-TXN-0042,2026-07-16T20:10:00+09:00,2026-07-16T20:10:00+09:00
e6c10a45-b47c-5929-a46b-d548d6100778,b339846a-dde8-5a59-9832-99ad7fb75535,ff7c694c-d765-5b1a-98a3-8b9bacc6282e,8092f436-2059-4df5-9387-2a95d266b57c,2026-07-25T20:10:00+09:00,WITHDRAWAL,6200,KRW,스타벅스,TRUE,FALSE,FALSE,FALSE,RULE,1,MOCK,SCN-05-TXN-0043,2026-07-25T20:10:00+09:00,2026-07-25T20:10:00+09:00
b69adfe2-9887-589b-b24f-a8c63a04e1ad,b339846a-dde8-5a59-9832-99ad7fb75535,bcf4603f-3201-54ec-a402-eb81e3bdd711,6f6c5158-63b0-4839-b4c9-ba8e35895743,2026-06-07T18:45:00+09:00,WITHDRAWAL,4500,KRW,파리바게뜨,TRUE,FALSE,FALSE,FALSE,RULE,1,MOCK,SCN-05-TXN-0044,2026-06-07T18:45:00+09:00,2026-06-07T18:45:00+09:00
08ee9192-5e1b-5732-8934-97110ad24ddc,b339846a-dde8-5a59-9832-99ad7fb75535,bcf4603f-3201-54ec-a402-eb81e3bdd711,8092f436-2059-4df5-9387-2a95d266b57c,2026-06-13T22:45:00+09:00,WITHDRAWAL,5000,KRW,스타벅스,TRUE,FALSE,FALSE,FALSE,RULE,1,MOCK,SCN-05-TXN-0045,2026-06-13T22:45:00+09:00,2026-06-13T22:45:00+09:00
87e13888-0282-566e-b3e6-95a5fc5cbfdb,b339846a-dde8-5a59-9832-99ad7fb75535,ff7c694c-d765-5b1a-98a3-8b9bacc6282e,6f6c5158-63b0-4839-b4c9-ba8e35895743,2026-05-17T23:40:00+09:00,WITHDRAWAL,8200,KRW,성심당,TRUE,FALSE,FALSE,FALSE,RULE,1,MOCK,SCN-05-TXN-0046,2026-05-17T23:40:00+09:00,2026-05-17T23:40:00+09:00
85b5d643-f13b-5812-bc61-b4f93bfc25d0,b339846a-dde8-5a59-9832-99ad7fb75535,ff7c694c-d765-5b1a-98a3-8b9bacc6282e,a8b8023a-b451-4c57-ae64-9d6ceaecb546,2026-07-07T23:00:00+09:00,WITHDRAWAL,63800,KRW,인터파크티켓,TRUE,TRUE,FALSE,FALSE,RULE,1,MOCK,SCN-05-TXN-0047,2026-07-07T23:00:00+09:00,2026-07-07T23:00:00+09:00
9733c736-a9a5-5c8c-a7fa-296f4f449227,b339846a-dde8-5a59-9832-99ad7fb75535,bcf4603f-3201-54ec-a402-eb81e3bdd711,6cc93ee2-deb4-4cab-bc1c-a303141f434e,2026-06-07T22:50:00+09:00,WITHDRAWAL,25000,KRW,김밥천국,TRUE,FALSE,FALSE,FALSE,RULE,1,MOCK,SCN-05-TXN-0048,2026-06-07T22:50:00+09:00,2026-06-07T22:50:00+09:00
371b72ff-7784-5f73-93a6-cca953734e99,b339846a-dde8-5a59-9832-99ad7fb75535,bcf4603f-3201-54ec-a402-eb81e3bdd711,8092f436-2059-4df5-9387-2a95d266b57c,2026-05-17T18:50:00+09:00,WITHDRAWAL,7200,KRW,스타벅스,TRUE,FALSE,FALSE,FALSE,RULE,1,MOCK,SCN-05-TXN-0049,2026-05-17T18:50:00+09:00,2026-05-17T18:50:00+09:00
b6696d39-ef97-5a40-9e60-53bd9bc1f3f2,b339846a-dde8-5a59-9832-99ad7fb75535,ff7c694c-d765-5b1a-98a3-8b9bacc6282e,6f6c5158-63b0-4839-b4c9-ba8e35895743,2026-05-03T18:40:00+09:00,WITHDRAWAL,2600,KRW,파리바게뜨,TRUE,TRUE,FALSE,FALSE,RULE,1,MOCK,SCN-05-TXN-0050,2026-05-03T18:40:00+09:00,2026-05-03T18:40:00+09:00
aac0b5fb-8558-5c78-94a8-6ff76bda96c2,9277ab37-b237-5532-82e7-e077958bea60,f604d87c-f22d-5ceb-ad9d-e3f1621d41bd,83e4cc79-b0b8-45f7-86e5-c6b2a6776f39,2026-07-19T09:40:00+09:00,WITHDRAWAL,62700,KRW,LG유플러스,FALSE,TRUE,TRUE,FALSE,RULE,1,MOCK,SCN-06-TXN-0001,2026-07-19T09:40:00+09:00,2026-07-19T09:40:00+09:00
b452e2f1-10e6-529b-888f-3435c557eb66,9277ab37-b237-5532-82e7-e077958bea60,f604d87c-f22d-5ceb-ad9d-e3f1621d41bd,40e4f314-39c2-4b5a-9726-925349fdb30e,2026-07-06T12:40:00+09:00,WITHDRAWAL,111300,KRW,한국전력,TRUE,TRUE,TRUE,FALSE,RULE,1,MOCK,SCN-06-TXN-0002,2026-07-06T12:40:00+09:00,2026-07-06T12:40:00+09:00
37c78161-89bb-5a2e-8202-67b3ab74e7e1,9277ab37-b237-5532-82e7-e077958bea60,f604d87c-f22d-5ceb-ad9d-e3f1621d41bd,83e4cc79-b0b8-45f7-86e5-c6b2a6776f39,2026-07-25T08:45:00+09:00,WITHDRAWAL,72700,KRW,LG유플러스,TRUE,TRUE,TRUE,FALSE,RULE,1,MOCK,SCN-06-TXN-0003,2026-07-25T08:45:00+09:00,2026-07-25T08:45:00+09:00
b7234015-4fd3-54aa-8bbf-d3056aa190e7,9277ab37-b237-5532-82e7-e077958bea60,f604d87c-f22d-5ceb-ad9d-e3f1621d41bd,40e4f314-39c2-4b5a-9726-925349fdb30e,2026-05-13T07:20:00+09:00,WITHDRAWAL,87300,KRW,한국전력,TRUE,TRUE,TRUE,FALSE,RULE,1,MOCK,SCN-06-TXN-0004,2026-05-13T07:20:00+09:00,2026-05-13T07:20:00+09:00
b94d2433-55f2-587b-86c4-b8539829f274,9277ab37-b237-5532-82e7-e077958bea60,d7a0bb02-82b3-57b7-9870-82c59538c742,ab33986b-9f5c-4880-a7ee-7fcddac28f39,2026-07-19T08:30:00+09:00,WITHDRAWAL,64100,KRW,이마트,TRUE,TRUE,TRUE,FALSE,RULE,1,MOCK,SCN-06-TXN-0005,2026-07-19T08:30:00+09:00,2026-07-19T08:30:00+09:00
3ef30a69-9887-51f7-a98c-00b4fffe3ebf,9277ab37-b237-5532-82e7-e077958bea60,d7a0bb02-82b3-57b7-9870-82c59538c742,41d1ee4f-a1a4-4451-b1d3-d308fb8835c8,2026-05-22T07:10:00+09:00,WITHDRAWAL,219600,KRW,자유적금,TRUE,TRUE,FALSE,FALSE,RULE,1,MOCK,SCN-06-TXN-0006,2026-05-22T07:10:00+09:00,2026-05-22T07:10:00+09:00
40986dd4-d9f7-5e33-a949-41c799c78698,9277ab37-b237-5532-82e7-e077958bea60,f604d87c-f22d-5ceb-ad9d-e3f1621d41bd,ab33986b-9f5c-4880-a7ee-7fcddac28f39,2026-07-27T09:45:00+09:00,WITHDRAWAL,73700,KRW,이마트,TRUE,FALSE,TRUE,FALSE,RULE,1,MOCK,SCN-06-TXN-0007,2026-07-27T09:45:00+09:00,2026-07-27T09:45:00+09:00
c5fbc0c4-3853-5f5f-965c-0fb15f0d8d17,9277ab37-b237-5532-82e7-e077958bea60,d7a0bb02-82b3-57b7-9870-82c59538c742,ab33986b-9f5c-4880-a7ee-7fcddac28f39,2026-07-06T16:05:00+09:00,WITHDRAWAL,68700,KRW,이마트,TRUE,TRUE,TRUE,FALSE,RULE,1,MOCK,SCN-06-TXN-0008,2026-07-06T16:05:00+09:00,2026-07-06T16:05:00+09:00
2438264b-b02d-513c-ae0d-cf5ad7cc2213,9277ab37-b237-5532-82e7-e077958bea60,d7a0bb02-82b3-57b7-9870-82c59538c742,ab33986b-9f5c-4880-a7ee-7fcddac28f39,2026-07-04T14:10:00+09:00,WITHDRAWAL,69400,KRW,이마트,TRUE,TRUE,TRUE,FALSE,RULE,1,MOCK,SCN-06-TXN-0009,2026-07-04T14:10:00+09:00,2026-07-04T14:10:00+09:00
85cc438f-aa3a-54c8-ad34-e58b7e7774b3,9277ab37-b237-5532-82e7-e077958bea60,d7a0bb02-82b3-57b7-9870-82c59538c742,c0b5ffc8-9200-4be2-9b67-f8d77d8e7444,2026-05-11T16:45:00+09:00,WITHDRAWAL,24500,KRW,상수도사업본부,TRUE,TRUE,TRUE,FALSE,RULE,1,MOCK,SCN-06-TXN-0010,2026-05-11T16:45:00+09:00,2026-05-11T16:45:00+09:00
1e331660-c83e-5f77-bdb9-fcb5735473d0,9277ab37-b237-5532-82e7-e077958bea60,d7a0bb02-82b3-57b7-9870-82c59538c742,b34cd883-6e30-461a-b4c3-4b9b576a7146,2026-07-11T08:20:00+09:00,WITHDRAWAL,45800,KRW,KT인터넷,FALSE,TRUE,TRUE,FALSE,RULE,1,MOCK,SCN-06-TXN-0011,2026-07-11T08:20:00+09:00,2026-07-11T08:20:00+09:00
8598604b-2c5c-5ad3-9c43-b2d0e3e5d5af,9277ab37-b237-5532-82e7-e077958bea60,f604d87c-f22d-5ceb-ad9d-e3f1621d41bd,ab33986b-9f5c-4880-a7ee-7fcddac28f39,2026-07-16T17:30:00+09:00,WITHDRAWAL,63100,KRW,이마트,FALSE,TRUE,TRUE,FALSE,RULE,1,MOCK,SCN-06-TXN-0012,2026-07-16T17:30:00+09:00,2026-07-16T17:30:00+09:00
5ac4cdee-d81b-5f9c-a408-6938b6474090,9277ab37-b237-5532-82e7-e077958bea60,d7a0bb02-82b3-57b7-9870-82c59538c742,ab33986b-9f5c-4880-a7ee-7fcddac28f39,2026-06-17T07:10:00+09:00,WITHDRAWAL,72000,KRW,이마트,FALSE,TRUE,FALSE,FALSE,RULE,1,MOCK,SCN-06-TXN-0013,2026-06-17T07:10:00+09:00,2026-06-17T07:10:00+09:00
095fb711-7857-51e6-ac9a-88169c70582e,9277ab37-b237-5532-82e7-e077958bea60,f604d87c-f22d-5ceb-ad9d-e3f1621d41bd,ab33986b-9f5c-4880-a7ee-7fcddac28f39,2026-05-25T08:40:00+09:00,WITHDRAWAL,70600,KRW,이마트,FALSE,TRUE,TRUE,FALSE,RULE,1,MOCK,SCN-06-TXN-0014,2026-05-25T08:40:00+09:00,2026-05-25T08:40:00+09:00
2c61a6cb-984a-5228-9a4c-b7b946117e00,9277ab37-b237-5532-82e7-e077958bea60,f604d87c-f22d-5ceb-ad9d-e3f1621d41bd,b34cd883-6e30-461a-b4c3-4b9b576a7146,2026-05-01T07:50:00+09:00,WITHDRAWAL,41100,KRW,KT인터넷,TRUE,FALSE,FALSE,FALSE,RULE,1,MOCK,SCN-06-TXN-0015,2026-05-01T07:50:00+09:00,2026-05-01T07:50:00+09:00
b2aa4b2f-b5b9-5ee3-ad57-26d33db90789,9277ab37-b237-5532-82e7-e077958bea60,d7a0bb02-82b3-57b7-9870-82c59538c742,b34cd883-6e30-461a-b4c3-4b9b576a7146,2026-06-19T16:15:00+09:00,WITHDRAWAL,39600,KRW,KT인터넷,FALSE,TRUE,FALSE,FALSE,RULE,1,MOCK,SCN-06-TXN-0016,2026-06-19T16:15:00+09:00,2026-06-19T16:15:00+09:00
8a33255b-2a7a-5be6-8ccd-f16d3d650552,9277ab37-b237-5532-82e7-e077958bea60,d7a0bb02-82b3-57b7-9870-82c59538c742,b34cd883-6e30-461a-b4c3-4b9b576a7146,2026-07-10T15:15:00+09:00,WITHDRAWAL,44000,KRW,KT인터넷,TRUE,TRUE,TRUE,FALSE,RULE,1,MOCK,SCN-06-TXN-0017,2026-07-10T15:15:00+09:00,2026-07-10T15:15:00+09:00
790921bd-0c16-5206-8e22-65e53d6fef2f,9277ab37-b237-5532-82e7-e077958bea60,d7a0bb02-82b3-57b7-9870-82c59538c742,83e4cc79-b0b8-45f7-86e5-c6b2a6776f39,2026-07-21T08:30:00+09:00,WITHDRAWAL,63400,KRW,LG유플러스,FALSE,TRUE,TRUE,FALSE,RULE,1,MOCK,SCN-06-TXN-0018,2026-07-21T08:30:00+09:00,2026-07-21T08:30:00+09:00
4b7eb8fd-e072-5d29-82e8-b739a55d107c,9277ab37-b237-5532-82e7-e077958bea60,f604d87c-f22d-5ceb-ad9d-e3f1621d41bd,83e4cc79-b0b8-45f7-86e5-c6b2a6776f39,2026-06-24T15:05:00+09:00,WITHDRAWAL,63800,KRW,LG유플러스,FALSE,TRUE,TRUE,FALSE,RULE,1,MOCK,SCN-06-TXN-0019,2026-06-24T15:05:00+09:00,2026-06-24T15:05:00+09:00
d36c85a9-b997-53e4-abd2-99da649a1753,9277ab37-b237-5532-82e7-e077958bea60,f604d87c-f22d-5ceb-ad9d-e3f1621d41bd,6beaf245-3636-4997-b4ba-fb7a2e94510e,2026-05-08T11:15:00+09:00,WITHDRAWAL,5600,KRW,서울교통공사,FALSE,TRUE,TRUE,FALSE,RULE,1,MOCK,SCN-06-TXN-0020,2026-05-08T11:15:00+09:00,2026-05-08T11:15:00+09:00
dbc6545c-f9e4-5965-b56b-bcfa07baf1cc,9277ab37-b237-5532-82e7-e077958bea60,d7a0bb02-82b3-57b7-9870-82c59538c742,c0b5ffc8-9200-4be2-9b67-f8d77d8e7444,2026-06-19T11:00:00+09:00,WITHDRAWAL,24800,KRW,상수도사업본부,FALSE,FALSE,TRUE,FALSE,RULE,1,MOCK,SCN-06-TXN-0021,2026-06-19T11:00:00+09:00,2026-06-19T11:00:00+09:00
24d98a99-f1f3-552d-8527-f1d73c502134,9277ab37-b237-5532-82e7-e077958bea60,f604d87c-f22d-5ceb-ad9d-e3f1621d41bd,b34cd883-6e30-461a-b4c3-4b9b576a7146,2026-07-21T17:30:00+09:00,WITHDRAWAL,41700,KRW,KT인터넷,FALSE,TRUE,TRUE,FALSE,RULE,1,MOCK,SCN-06-TXN-0022,2026-07-21T17:30:00+09:00,2026-07-21T17:30:00+09:00
d2de9711-7dd0-51b1-bd8c-5e14f8a931ea,9277ab37-b237-5532-82e7-e077958bea60,f604d87c-f22d-5ceb-ad9d-e3f1621d41bd,fd45205e-6d91-4e13-8026-528dc6490eee,2026-06-18T20:50:00+09:00,WITHDRAWAL,25900,KRW,다이소,FALSE,TRUE,TRUE,FALSE,RULE,1,MOCK,SCN-06-TXN-0023,2026-06-18T20:50:00+09:00,2026-06-18T20:50:00+09:00
3090e57d-32c1-5251-840f-60e33d5c7c60,9277ab37-b237-5532-82e7-e077958bea60,d7a0bb02-82b3-57b7-9870-82c59538c742,ab33986b-9f5c-4880-a7ee-7fcddac28f39,2026-07-20T17:20:00+09:00,WITHDRAWAL,73900,KRW,이마트,TRUE,TRUE,TRUE,FALSE,RULE,1,MOCK,SCN-06-TXN-0024,2026-07-20T17:20:00+09:00,2026-07-20T17:20:00+09:00
0c24291b-a030-5224-9101-832d62232f3e,9277ab37-b237-5532-82e7-e077958bea60,d7a0bb02-82b3-57b7-9870-82c59538c742,40e4f314-39c2-4b5a-9726-925349fdb30e,2026-05-21T15:40:00+09:00,WITHDRAWAL,91100,KRW,한국전력,TRUE,TRUE,TRUE,FALSE,RULE,1,MOCK,SCN-06-TXN-0025,2026-05-21T15:40:00+09:00,2026-05-21T15:40:00+09:00
b8d74a46-b901-569c-96d3-c25310c483dd,9277ab37-b237-5532-82e7-e077958bea60,f604d87c-f22d-5ceb-ad9d-e3f1621d41bd,6beaf245-3636-4997-b4ba-fb7a2e94510e,2026-07-23T23:30:00+09:00,WITHDRAWAL,5100,KRW,서울교통공사,FALSE,TRUE,FALSE,FALSE,RULE,1,MOCK,SCN-06-TXN-0026,2026-07-23T23:30:00+09:00,2026-07-23T23:30:00+09:00
c4a45f7d-2794-5e33-b087-af85a09b71b5,9277ab37-b237-5532-82e7-e077958bea60,d7a0bb02-82b3-57b7-9870-82c59538c742,6beaf245-3636-4997-b4ba-fb7a2e94510e,2026-05-15T15:20:00+09:00,WITHDRAWAL,4400,KRW,서울교통공사,FALSE,TRUE,TRUE,FALSE,RULE,1,MOCK,SCN-06-TXN-0027,2026-05-15T15:20:00+09:00,2026-05-15T15:20:00+09:00
099559bc-ec06-5305-92cb-8e643474704e,9277ab37-b237-5532-82e7-e077958bea60,f604d87c-f22d-5ceb-ad9d-e3f1621d41bd,83e4cc79-b0b8-45f7-86e5-c6b2a6776f39,2026-05-22T15:50:00+09:00,WITHDRAWAL,65500,KRW,LG유플러스,FALSE,TRUE,TRUE,FALSE,RULE,1,MOCK,SCN-06-TXN-0028,2026-05-22T15:50:00+09:00,2026-05-22T15:50:00+09:00
a3288414-011e-5fbf-ba9b-1f5b692ca257,9277ab37-b237-5532-82e7-e077958bea60,f604d87c-f22d-5ceb-ad9d-e3f1621d41bd,41d1ee4f-a1a4-4451-b1d3-d308fb8835c8,2026-06-25T08:10:00+09:00,WITHDRAWAL,233500,KRW,자유적금,TRUE,TRUE,TRUE,FALSE,RULE,1,MOCK,SCN-06-TXN-0029,2026-06-25T08:10:00+09:00,2026-06-25T08:10:00+09:00
351e144f-b715-5932-afe7-77e22775fb00,9277ab37-b237-5532-82e7-e077958bea60,f604d87c-f22d-5ceb-ad9d-e3f1621d41bd,40e4f314-39c2-4b5a-9726-925349fdb30e,2026-06-22T17:40:00+09:00,WITHDRAWAL,100600,KRW,한국전력,FALSE,TRUE,TRUE,FALSE,RULE,1,MOCK,SCN-06-TXN-0030,2026-06-22T17:40:00+09:00,2026-06-22T17:40:00+09:00
fabfe1fd-2f54-5bbc-88d2-efd1010b50d6,9277ab37-b237-5532-82e7-e077958bea60,d7a0bb02-82b3-57b7-9870-82c59538c742,c0b5ffc8-9200-4be2-9b67-f8d77d8e7444,2026-06-15T08:20:00+09:00,WITHDRAWAL,20700,KRW,상수도사업본부,TRUE,TRUE,TRUE,FALSE,RULE,1,MOCK,SCN-06-TXN-0031,2026-06-15T08:20:00+09:00,2026-06-15T08:20:00+09:00
d6fd402b-3f9b-539d-941e-393752477373,9277ab37-b237-5532-82e7-e077958bea60,d7a0bb02-82b3-57b7-9870-82c59538c742,ab33986b-9f5c-4880-a7ee-7fcddac28f39,2026-06-20T15:20:00+09:00,WITHDRAWAL,73200,KRW,이마트,FALSE,FALSE,TRUE,FALSE,RULE,1,MOCK,SCN-06-TXN-0032,2026-06-20T15:20:00+09:00,2026-06-20T15:20:00+09:00
b9ba1bf6-e29c-5abb-914c-33a2f2bef2e1,9277ab37-b237-5532-82e7-e077958bea60,f604d87c-f22d-5ceb-ad9d-e3f1621d41bd,6beaf245-3636-4997-b4ba-fb7a2e94510e,2026-06-20T08:20:00+09:00,WITHDRAWAL,4200,KRW,서울교통공사,FALSE,TRUE,TRUE,FALSE,RULE,1,MOCK,SCN-06-TXN-0033,2026-06-20T08:20:00+09:00,2026-06-20T08:20:00+09:00
63a6cc97-65e9-5b1c-9f7d-a1ad953ae57f,9277ab37-b237-5532-82e7-e077958bea60,d7a0bb02-82b3-57b7-9870-82c59538c742,40e4f314-39c2-4b5a-9726-925349fdb30e,2026-06-02T09:00:00+09:00,WITHDRAWAL,102100,KRW,한국전력,FALSE,TRUE,FALSE,FALSE,RULE,1,MOCK,SCN-06-TXN-0034,2026-06-02T09:00:00+09:00,2026-06-02T09:00:00+09:00
530f25a8-00c3-59ef-8948-7960915f7851,9277ab37-b237-5532-82e7-e077958bea60,d7a0bb02-82b3-57b7-9870-82c59538c742,c0b5ffc8-9200-4be2-9b67-f8d77d8e7444,2026-05-26T14:30:00+09:00,WITHDRAWAL,20200,KRW,상수도사업본부,TRUE,TRUE,TRUE,FALSE,RULE,1,MOCK,SCN-06-TXN-0035,2026-05-26T14:30:00+09:00,2026-05-26T14:30:00+09:00
b663908f-d243-5bce-9bed-0e6edfb56a3a,9277ab37-b237-5532-82e7-e077958bea60,f604d87c-f22d-5ceb-ad9d-e3f1621d41bd,fd45205e-6d91-4e13-8026-528dc6490eee,2026-05-20T12:30:00+09:00,WITHDRAWAL,23900,KRW,다이소,TRUE,FALSE,TRUE,FALSE,RULE,1,MOCK,SCN-06-TXN-0036,2026-05-20T12:30:00+09:00,2026-05-20T12:30:00+09:00
178e2ce1-282f-56af-a1a2-09288397bb8a,9277ab37-b237-5532-82e7-e077958bea60,f604d87c-f22d-5ceb-ad9d-e3f1621d41bd,83e4cc79-b0b8-45f7-86e5-c6b2a6776f39,2026-05-18T12:45:00+09:00,WITHDRAWAL,69000,KRW,LG유플러스,TRUE,TRUE,TRUE,FALSE,RULE,1,MOCK,SCN-06-TXN-0037,2026-05-18T12:45:00+09:00,2026-05-18T12:45:00+09:00
ccefbd21-b274-5535-b2d6-9837f460a13d,9277ab37-b237-5532-82e7-e077958bea60,f604d87c-f22d-5ceb-ad9d-e3f1621d41bd,41d1ee4f-a1a4-4451-b1d3-d308fb8835c8,2026-05-26T17:05:00+09:00,WITHDRAWAL,224400,KRW,자유적금,FALSE,TRUE,FALSE,FALSE,RULE,1,MOCK,SCN-06-TXN-0038,2026-05-26T17:05:00+09:00,2026-05-26T17:05:00+09:00
6bfe280c-97b0-52d8-aded-398dc5af1e01,9277ab37-b237-5532-82e7-e077958bea60,d7a0bb02-82b3-57b7-9870-82c59538c742,b34cd883-6e30-461a-b4c3-4b9b576a7146,2026-07-10T15:45:00+09:00,WITHDRAWAL,45300,KRW,KT인터넷,TRUE,TRUE,TRUE,FALSE,RULE,1,MOCK,SCN-06-TXN-0039,2026-07-10T15:45:00+09:00,2026-07-10T15:45:00+09:00
d5a60382-0b84-5416-a5c5-644c470fcf9b,9277ab37-b237-5532-82e7-e077958bea60,f604d87c-f22d-5ceb-ad9d-e3f1621d41bd,ab33986b-9f5c-4880-a7ee-7fcddac28f39,2026-07-27T15:10:00+09:00,WITHDRAWAL,70700,KRW,이마트,FALSE,TRUE,TRUE,FALSE,RULE,1,MOCK,SCN-06-TXN-0040,2026-07-27T15:10:00+09:00,2026-07-27T15:10:00+09:00
1e2e222f-1e03-5589-b027-162befa039b1,9277ab37-b237-5532-82e7-e077958bea60,d7a0bb02-82b3-57b7-9870-82c59538c742,b34cd883-6e30-461a-b4c3-4b9b576a7146,2026-05-30T20:15:00+09:00,WITHDRAWAL,34800,KRW,KT인터넷,FALSE,TRUE,TRUE,FALSE,RULE,1,MOCK,SCN-06-TXN-0041,2026-05-30T20:15:00+09:00,2026-05-30T20:15:00+09:00
9f0a7392-8317-5fa9-80cd-522c81c7e407,9277ab37-b237-5532-82e7-e077958bea60,d7a0bb02-82b3-57b7-9870-82c59538c742,41d1ee4f-a1a4-4451-b1d3-d308fb8835c8,2026-07-12T17:40:00+09:00,WITHDRAWAL,228900,KRW,자유적금,FALSE,TRUE,TRUE,FALSE,RULE,1,MOCK,SCN-06-TXN-0042,2026-07-12T17:40:00+09:00,2026-07-12T17:40:00+09:00
eea311e0-94b0-5392-a350-7d6d2fe5c7ad,9277ab37-b237-5532-82e7-e077958bea60,f604d87c-f22d-5ceb-ad9d-e3f1621d41bd,fd45205e-6d91-4e13-8026-528dc6490eee,2026-07-02T16:00:00+09:00,WITHDRAWAL,25700,KRW,다이소,TRUE,TRUE,TRUE,FALSE,RULE,1,MOCK,SCN-06-TXN-0043,2026-07-02T16:00:00+09:00,2026-07-02T16:00:00+09:00
77013ab2-66a8-54d9-b1fc-ec5adf8cfbe3,9277ab37-b237-5532-82e7-e077958bea60,d7a0bb02-82b3-57b7-9870-82c59538c742,ab33986b-9f5c-4880-a7ee-7fcddac28f39,2026-06-23T08:45:00+09:00,WITHDRAWAL,64500,KRW,이마트,FALSE,TRUE,TRUE,FALSE,RULE,1,MOCK,SCN-06-TXN-0044,2026-06-23T08:45:00+09:00,2026-06-23T08:45:00+09:00
24d9b1fc-fc87-5af7-a781-2e38cdc7b941,9277ab37-b237-5532-82e7-e077958bea60,d7a0bb02-82b3-57b7-9870-82c59538c742,ab33986b-9f5c-4880-a7ee-7fcddac28f39,2026-07-05T22:10:00+09:00,WITHDRAWAL,58200,KRW,홈플러스,TRUE,TRUE,TRUE,FALSE,RULE,1,MOCK,SCN-06-TXN-0045,2026-07-05T22:10:00+09:00,2026-07-05T22:10:00+09:00
6837f4b2-b6e3-557c-8f7f-3897786d94d6,9277ab37-b237-5532-82e7-e077958bea60,f604d87c-f22d-5ceb-ad9d-e3f1621d41bd,ab33986b-9f5c-4880-a7ee-7fcddac28f39,2026-05-28T14:45:00+09:00,WITHDRAWAL,60100,KRW,홈플러스,FALSE,TRUE,FALSE,FALSE,RULE,1,MOCK,SCN-06-TXN-0046,2026-05-28T14:45:00+09:00,2026-05-28T14:45:00+09:00
8e0b1cc2-207d-5b74-8fd1-6f3fcc0a6013,9277ab37-b237-5532-82e7-e077958bea60,d7a0bb02-82b3-57b7-9870-82c59538c742,c0b5ffc8-9200-4be2-9b67-f8d77d8e7444,2026-07-16T10:40:00+09:00,WITHDRAWAL,25500,KRW,상수도사업본부,TRUE,TRUE,TRUE,FALSE,RULE,1,MOCK,SCN-06-TXN-0047,2026-07-16T10:40:00+09:00,2026-07-16T10:40:00+09:00
f53e61c5-ed45-55b3-8d64-48f1f8431e5c,9277ab37-b237-5532-82e7-e077958bea60,f604d87c-f22d-5ceb-ad9d-e3f1621d41bd,ab33986b-9f5c-4880-a7ee-7fcddac28f39,2026-07-08T08:05:00+09:00,WITHDRAWAL,57100,KRW,이마트,FALSE,TRUE,TRUE,FALSE,RULE,1,MOCK,SCN-06-TXN-0048,2026-07-08T08:05:00+09:00,2026-07-08T08:05:00+09:00
b4a318d9-7ec1-5219-81db-213b1355d9ed,9277ab37-b237-5532-82e7-e077958bea60,d7a0bb02-82b3-57b7-9870-82c59538c742,41d1ee4f-a1a4-4451-b1d3-d308fb8835c8,2026-06-17T15:40:00+09:00,WITHDRAWAL,178700,KRW,자유적금,FALSE,TRUE,FALSE,FALSE,RULE,1,MOCK,SCN-06-TXN-0049,2026-06-17T15:40:00+09:00,2026-06-17T15:40:00+09:00
a3161e88-433b-52e8-b35a-3c998fffa99d,9277ab37-b237-5532-82e7-e077958bea60,f604d87c-f22d-5ceb-ad9d-e3f1621d41bd,41d1ee4f-a1a4-4451-b1d3-d308fb8835c8,2026-06-02T10:05:00+09:00,WITHDRAWAL,229200,KRW,자유적금,TRUE,TRUE,FALSE,FALSE,RULE,1,MOCK,SCN-06-TXN-0050,2026-06-02T10:05:00+09:00,2026-06-02T10:05:00+09:00
cdb87f67-e40b-541a-bafb-8654597ee1c6,fc9f76d7-d214-5a1a-aee0-da544f8b915c,a7a2f314-cdfd-5119-bbe9-ab95c0d356b7,78ad0112-4e57-4f44-aafc-c32ac479ff8b,2026-07-13T15:00:00+09:00,WITHDRAWAL,40600,KRW,교보문고 1호점,FALSE,TRUE,FALSE,FALSE,RULE,1,MOCK,SCN-07-TXN-0001,2026-07-13T15:00:00+09:00,2026-07-13T15:00:00+09:00
901b5fb2-92d7-5e87-9b42-cad60cd79d9c,fc9f76d7-d214-5a1a-aee0-da544f8b915c,4d021eb0-0234-5361-99c0-a4d4600b1bce,a8b8023a-b451-4c57-ae64-9d6ceaecb546,2026-06-16T17:40:00+09:00,WITHDRAWAL,69700,KRW,인터파크티켓 1호점,FALSE,FALSE,FALSE,FALSE,RULE,1,MOCK,SCN-07-TXN-0002,2026-06-16T17:40:00+09:00,2026-06-16T17:40:00+09:00
8abff0af-5025-5b06-83ac-0b9d8b7b3f97,fc9f76d7-d214-5a1a-aee0-da544f8b915c,43e6de17-cc73-5997-9da4-be947d0b86d6,310a940c-36e7-46ed-a99e-7df310d01459,2026-06-14T13:10:00+09:00,WITHDRAWAL,173600,KRW,인프런 1호점,FALSE,FALSE,FALSE,FALSE,RULE,1,MOCK,SCN-07-TXN-0003,2026-06-14T13:10:00+09:00,2026-06-14T13:10:00+09:00
e5d64957-3206-5887-a2c1-81cc8eefbeb5,fc9f76d7-d214-5a1a-aee0-da544f8b915c,43e6de17-cc73-5997-9da4-be947d0b86d6,310a940c-36e7-46ed-a99e-7df310d01459,2026-05-09T20:05:00+09:00,WITHDRAWAL,128900,KRW,인프런 1호점,FALSE,FALSE,FALSE,FALSE,RULE,1,MOCK,SCN-07-TXN-0004,2026-05-09T20:05:00+09:00,2026-05-09T20:05:00+09:00
cf47ac1c-0094-5388-86f0-b729865dd59f,fc9f76d7-d214-5a1a-aee0-da544f8b915c,a7a2f314-cdfd-5119-bbe9-ab95c0d356b7,310a940c-36e7-46ed-a99e-7df310d01459,2026-05-23T14:00:00+09:00,WITHDRAWAL,159500,KRW,학원 2호점,TRUE,FALSE,FALSE,FALSE,RULE,1,MOCK,SCN-07-TXN-0005,2026-05-23T14:00:00+09:00,2026-05-23T14:00:00+09:00
3c081329-549b-52ee-9fae-6f87f7227950,fc9f76d7-d214-5a1a-aee0-da544f8b915c,43e6de17-cc73-5997-9da4-be947d0b86d6,8129b203-806e-4eb0-9c74-64fd570e0a2b,2026-05-31T09:05:00+09:00,WITHDRAWAL,16100,KRW,자격시험원 1호점,FALSE,FALSE,FALSE,FALSE,RULE,1,MOCK,SCN-07-TXN-0006,2026-05-31T09:05:00+09:00,2026-05-31T09:05:00+09:00
a6f024fc-69c4-5000-921e-17e96ea97b61,fc9f76d7-d214-5a1a-aee0-da544f8b915c,4d021eb0-0234-5361-99c0-a4d4600b1bce,a8b8023a-b451-4c57-ae64-9d6ceaecb546,2026-06-06T15:30:00+09:00,WITHDRAWAL,69300,KRW,인터파크티켓 2호점,FALSE,FALSE,FALSE,FALSE,RULE,1,MOCK,SCN-07-TXN-0007,2026-06-06T15:30:00+09:00,2026-06-06T15:30:00+09:00
92ea811a-a9a0-5db2-a988-b8c338173e2a,fc9f76d7-d214-5a1a-aee0-da544f8b915c,43e6de17-cc73-5997-9da4-be947d0b86d6,a8b8023a-b451-4c57-ae64-9d6ceaecb546,2026-05-15T11:50:00+09:00,WITHDRAWAL,29100,KRW,CGV 3호점,FALSE,FALSE,FALSE,FALSE,RULE,1,MOCK,SCN-07-TXN-0008,2026-05-15T11:50:00+09:00,2026-05-15T11:50:00+09:00
da79b6cf-2504-5209-93f0-3f3d33b5e563,fc9f76d7-d214-5a1a-aee0-da544f8b915c,a7a2f314-cdfd-5119-bbe9-ab95c0d356b7,310a940c-36e7-46ed-a99e-7df310d01459,2026-07-27T16:00:00+09:00,WITHDRAWAL,115300,KRW,인프런 3호점,FALSE,FALSE,FALSE,FALSE,RULE,1,MOCK,SCN-07-TXN-0009,2026-07-27T16:00:00+09:00,2026-07-27T16:00:00+09:00
b3fa858d-4f54-58d2-858d-bc7fb95a86df,fc9f76d7-d214-5a1a-aee0-da544f8b915c,4d021eb0-0234-5361-99c0-a4d4600b1bce,a8b8023a-b451-4c57-ae64-9d6ceaecb546,2026-06-03T18:40:00+09:00,WITHDRAWAL,27000,KRW,CGV 3호점,FALSE,FALSE,TRUE,FALSE,RULE,1,MOCK,SCN-07-TXN-0010,2026-06-03T18:40:00+09:00,2026-06-03T18:40:00+09:00
d2ab120d-9b0f-50d7-9735-04f5c30849da,fc9f76d7-d214-5a1a-aee0-da544f8b915c,a7a2f314-cdfd-5119-bbe9-ab95c0d356b7,a8b8023a-b451-4c57-ae64-9d6ceaecb546,2026-05-31T11:15:00+09:00,WITHDRAWAL,48800,KRW,인터파크티켓 4호점,FALSE,FALSE,FALSE,FALSE,RULE,1,MOCK,SCN-07-TXN-0011,2026-05-31T11:15:00+09:00,2026-05-31T11:15:00+09:00
4567df9c-64c4-58a5-bc2c-f858906cd9e0,fc9f76d7-d214-5a1a-aee0-da544f8b915c,4d021eb0-0234-5361-99c0-a4d4600b1bce,1890529a-ef23-49ad-95e4-931d55fc5134,2026-07-09T14:30:00+09:00,WITHDRAWAL,34600,KRW,기타가맹점 1호점,FALSE,FALSE,FALSE,FALSE,RULE,1,MOCK,SCN-07-TXN-0012,2026-07-09T14:30:00+09:00,2026-07-09T14:30:00+09:00
ebe6928a-800e-57cb-8b83-72c92771e204,fc9f76d7-d214-5a1a-aee0-da544f8b915c,a7a2f314-cdfd-5119-bbe9-ab95c0d356b7,310a940c-36e7-46ed-a99e-7df310d01459,2026-05-17T21:45:00+09:00,WITHDRAWAL,102400,KRW,인프런 3호점,FALSE,TRUE,FALSE,FALSE,RULE,1,MOCK,SCN-07-TXN-0013,2026-05-17T21:45:00+09:00,2026-05-17T21:45:00+09:00
cb62c429-7dcf-54e6-a552-c8a796bd03ae,fc9f76d7-d214-5a1a-aee0-da544f8b915c,a7a2f314-cdfd-5119-bbe9-ab95c0d356b7,310a940c-36e7-46ed-a99e-7df310d01459,2026-07-18T09:50:00+09:00,WITHDRAWAL,150400,KRW,패스트캠퍼스 4호점,TRUE,FALSE,FALSE,FALSE,RULE,1,MOCK,SCN-07-TXN-0014,2026-07-18T09:50:00+09:00,2026-07-18T09:50:00+09:00
675bf16a-2ba1-5e58-b999-c37cd7302f97,fc9f76d7-d214-5a1a-aee0-da544f8b915c,a7a2f314-cdfd-5119-bbe9-ab95c0d356b7,310a940c-36e7-46ed-a99e-7df310d01459,2026-06-16T11:45:00+09:00,WITHDRAWAL,114600,KRW,학원 5호점,TRUE,TRUE,FALSE,FALSE,RULE,1,MOCK,SCN-07-TXN-0015,2026-06-16T11:45:00+09:00,2026-06-16T11:45:00+09:00
4685e2d6-695f-5b4c-af6d-191e47f6b6ff,fc9f76d7-d214-5a1a-aee0-da544f8b915c,4d021eb0-0234-5361-99c0-a4d4600b1bce,310a940c-36e7-46ed-a99e-7df310d01459,2026-05-02T21:10:00+09:00,WITHDRAWAL,3300,KRW,학원 2호점,FALSE,FALSE,FALSE,FALSE,RULE,1,MOCK,SCN-07-TXN-0016,2026-05-02T21:10:00+09:00,2026-05-02T21:10:00+09:00
3db1500e-59da-5119-bcce-c1975a4632b2,fc9f76d7-d214-5a1a-aee0-da544f8b915c,4d021eb0-0234-5361-99c0-a4d4600b1bce,a8b8023a-b451-4c57-ae64-9d6ceaecb546,2026-06-27T11:30:00+09:00,WITHDRAWAL,75600,KRW,인터파크티켓 5호점,TRUE,FALSE,FALSE,FALSE,RULE,1,MOCK,SCN-07-TXN-0017,2026-06-27T11:30:00+09:00,2026-06-27T11:30:00+09:00
1e3238ff-a051-518d-bb4b-d9c77ecbb4a3,fc9f76d7-d214-5a1a-aee0-da544f8b915c,4d021eb0-0234-5361-99c0-a4d4600b1bce,1890529a-ef23-49ad-95e4-931d55fc5134,2026-06-15T15:45:00+09:00,WITHDRAWAL,52900,KRW,기타가맹점 2호점,FALSE,FALSE,TRUE,FALSE,RULE,1,MOCK,SCN-07-TXN-0018,2026-06-15T15:45:00+09:00,2026-06-15T15:45:00+09:00
faa42bee-cc49-570f-9c46-d781929b5dc9,fc9f76d7-d214-5a1a-aee0-da544f8b915c,4d021eb0-0234-5361-99c0-a4d4600b1bce,8129b203-806e-4eb0-9c74-64fd570e0a2b,2026-06-23T16:40:00+09:00,WITHDRAWAL,22700,KRW,교보문고 2호점,TRUE,TRUE,FALSE,FALSE,RULE,1,MOCK,SCN-07-TXN-0019,2026-06-23T16:40:00+09:00,2026-06-23T16:40:00+09:00
a40c8cd6-3890-577b-ab02-782fa7d5a589,fc9f76d7-d214-5a1a-aee0-da544f8b915c,43e6de17-cc73-5997-9da4-be947d0b86d6,8129b203-806e-4eb0-9c74-64fd570e0a2b,2026-06-16T15:45:00+09:00,WITHDRAWAL,13000,KRW,예스24 3호점,FALSE,TRUE,TRUE,FALSE,RULE,1,MOCK,SCN-07-TXN-0020,2026-06-16T15:45:00+09:00,2026-06-16T15:45:00+09:00
bd2db4a3-78a4-5473-bd43-6aba978be66f,fc9f76d7-d214-5a1a-aee0-da544f8b915c,a7a2f314-cdfd-5119-bbe9-ab95c0d356b7,a8b8023a-b451-4c57-ae64-9d6ceaecb546,2026-06-20T18:45:00+09:00,WITHDRAWAL,67500,KRW,인터파크티켓 1호점,FALSE,TRUE,FALSE,FALSE,RULE,1,MOCK,SCN-07-TXN-0021,2026-06-20T18:45:00+09:00,2026-06-20T18:45:00+09:00
fe039295-df53-5ae0-aac0-269131f52ff3,fc9f76d7-d214-5a1a-aee0-da544f8b915c,4d021eb0-0234-5361-99c0-a4d4600b1bce,78ad0112-4e57-4f44-aafc-c32ac479ff8b,2026-06-06T09:10:00+09:00,WITHDRAWAL,41000,KRW,교보문고 1호점,FALSE,TRUE,TRUE,FALSE,RULE,1,MOCK,SCN-07-TXN-0022,2026-06-06T09:10:00+09:00,2026-06-06T09:10:00+09:00
4cbc8910-f4e0-52b9-9730-f6aa55f3614e,fc9f76d7-d214-5a1a-aee0-da544f8b915c,4d021eb0-0234-5361-99c0-a4d4600b1bce,6beaf245-3636-4997-b4ba-fb7a2e94510e,2026-07-09T15:45:00+09:00,WITHDRAWAL,2200,KRW,코레일 1호점,FALSE,FALSE,FALSE,FALSE,RULE,1,MOCK,SCN-07-TXN-0023,2026-07-09T15:45:00+09:00,2026-07-09T15:45:00+09:00
97453b40-1511-5631-b2b3-daa5ee9849b0,fc9f76d7-d214-5a1a-aee0-da544f8b915c,43e6de17-cc73-5997-9da4-be947d0b86d6,310a940c-36e7-46ed-a99e-7df310d01459,2026-07-01T08:45:00+09:00,WITHDRAWAL,59700,KRW,학원 6호점,TRUE,FALSE,FALSE,FALSE,RULE,1,MOCK,SCN-07-TXN-0024,2026-07-01T08:45:00+09:00,2026-07-01T08:45:00+09:00
ba951f4a-ee5c-57b9-95c2-f9b728d184e3,fc9f76d7-d214-5a1a-aee0-da544f8b915c,a7a2f314-cdfd-5119-bbe9-ab95c0d356b7,8092f436-2059-4df5-9387-2a95d266b57c,2026-05-02T14:45:00+09:00,WITHDRAWAL,4300,KRW,투썸플레이스 1호점,FALSE,FALSE,FALSE,FALSE,RULE,1,MOCK,SCN-07-TXN-0025,2026-05-02T14:45:00+09:00,2026-05-02T14:45:00+09:00
aee118a5-12e1-5e71-aecc-9ec1ad99edcd,fc9f76d7-d214-5a1a-aee0-da544f8b915c,a7a2f314-cdfd-5119-bbe9-ab95c0d356b7,6beaf245-3636-4997-b4ba-fb7a2e94510e,2026-05-31T16:20:00+09:00,WITHDRAWAL,4300,KRW,티머니 2호점,FALSE,FALSE,FALSE,FALSE,RULE,1,MOCK,SCN-07-TXN-0026,2026-05-31T16:20:00+09:00,2026-05-31T16:20:00+09:00
074ac006-4f24-5e29-83d9-f8514be11b3b,fc9f76d7-d214-5a1a-aee0-da544f8b915c,a7a2f314-cdfd-5119-bbe9-ab95c0d356b7,78ad0112-4e57-4f44-aafc-c32ac479ff8b,2026-06-04T14:15:00+09:00,WITHDRAWAL,26400,KRW,교보문고 2호점,TRUE,TRUE,FALSE,FALSE,RULE,1,MOCK,SCN-07-TXN-0027,2026-06-04T14:15:00+09:00,2026-06-04T14:15:00+09:00
37a887da-de45-513c-860d-8102e10627a7,fc9f76d7-d214-5a1a-aee0-da544f8b915c,a7a2f314-cdfd-5119-bbe9-ab95c0d356b7,3cba5ea8-f759-4e76-9a9e-bd5ba79f7624,2026-05-02T12:40:00+09:00,WITHDRAWAL,70300,KRW,쿠팡 1호점,FALSE,FALSE,FALSE,FALSE,RULE,1,MOCK,SCN-07-TXN-0028,2026-05-02T12:40:00+09:00,2026-05-02T12:40:00+09:00
5eee1af4-2a80-5ba2-8192-a821de028e38,fc9f76d7-d214-5a1a-aee0-da544f8b915c,a7a2f314-cdfd-5119-bbe9-ab95c0d356b7,a8b8023a-b451-4c57-ae64-9d6ceaecb546,2026-06-20T21:10:00+09:00,WITHDRAWAL,78100,KRW,인터파크티켓 2호점,FALSE,FALSE,FALSE,FALSE,RULE,1,MOCK,SCN-07-TXN-0029,2026-06-20T21:10:00+09:00,2026-06-20T21:10:00+09:00
3af0fa55-aac3-5996-b71a-8427a21006bb,fc9f76d7-d214-5a1a-aee0-da544f8b915c,4d021eb0-0234-5361-99c0-a4d4600b1bce,3cba5ea8-f759-4e76-9a9e-bd5ba79f7624,2026-05-05T23:05:00+09:00,WITHDRAWAL,47400,KRW,쿠팡 1호점,FALSE,FALSE,FALSE,FALSE,RULE,1,MOCK,SCN-07-TXN-0030,2026-05-05T23:05:00+09:00,2026-05-05T23:05:00+09:00
8e5fd297-365f-58d5-82f5-144986199512,fc9f76d7-d214-5a1a-aee0-da544f8b915c,a7a2f314-cdfd-5119-bbe9-ab95c0d356b7,1890529a-ef23-49ad-95e4-931d55fc5134,2026-07-10T11:45:00+09:00,WITHDRAWAL,41900,KRW,기타가맹점 3호점,FALSE,TRUE,FALSE,FALSE,RULE,1,MOCK,SCN-07-TXN-0031,2026-07-10T11:45:00+09:00,2026-07-10T11:45:00+09:00
596b8165-eff7-526f-8230-11196d22e40d,fc9f76d7-d214-5a1a-aee0-da544f8b915c,4d021eb0-0234-5361-99c0-a4d4600b1bce,3cba5ea8-f759-4e76-9a9e-bd5ba79f7624,2026-06-01T18:45:00+09:00,WITHDRAWAL,51300,KRW,11번가 2호점,TRUE,TRUE,FALSE,FALSE,RULE,1,MOCK,SCN-07-TXN-0032,2026-06-01T18:45:00+09:00,2026-06-01T18:45:00+09:00
00173dee-a2ad-5140-8ba8-8efbc92da30a,fc9f76d7-d214-5a1a-aee0-da544f8b915c,a7a2f314-cdfd-5119-bbe9-ab95c0d356b7,78ad0112-4e57-4f44-aafc-c32ac479ff8b,2026-05-17T12:50:00+09:00,WITHDRAWAL,42900,KRW,교보문고 3호점,FALSE,FALSE,FALSE,FALSE,RULE,1,MOCK,SCN-07-TXN-0033,2026-05-17T12:50:00+09:00,2026-05-17T12:50:00+09:00
59c03ce0-da4c-5994-be45-b211a68c005c,fc9f76d7-d214-5a1a-aee0-da544f8b915c,4d021eb0-0234-5361-99c0-a4d4600b1bce,8092f436-2059-4df5-9387-2a95d266b57c,2026-06-26T15:45:00+09:00,WITHDRAWAL,7000,KRW,스타벅스 2호점,FALSE,TRUE,FALSE,FALSE,RULE,1,MOCK,SCN-07-TXN-0034,2026-06-26T15:45:00+09:00,2026-06-26T15:45:00+09:00
5a995b75-5c63-5cdd-857d-b911c965e1e8,fc9f76d7-d214-5a1a-aee0-da544f8b915c,a7a2f314-cdfd-5119-bbe9-ab95c0d356b7,6beaf245-3636-4997-b4ba-fb7a2e94510e,2026-06-27T11:50:00+09:00,WITHDRAWAL,7500,KRW,서울교통공사 3호점,FALSE,TRUE,FALSE,FALSE,RULE,1,MOCK,SCN-07-TXN-0035,2026-06-27T11:50:00+09:00,2026-06-27T11:50:00+09:00
47a22b1f-ab2a-5cfa-8076-27f8f49627bb,fc9f76d7-d214-5a1a-aee0-da544f8b915c,4d021eb0-0234-5361-99c0-a4d4600b1bce,3cba5ea8-f759-4e76-9a9e-bd5ba79f7624,2026-07-24T13:15:00+09:00,WITHDRAWAL,26800,KRW,11번가 3호점,FALSE,FALSE,FALSE,FALSE,RULE,1,MOCK,SCN-07-TXN-0036,2026-07-24T13:15:00+09:00,2026-07-24T13:15:00+09:00
8110ae5b-72e1-5b7c-8ff3-e73135d9edd1,fc9f76d7-d214-5a1a-aee0-da544f8b915c,43e6de17-cc73-5997-9da4-be947d0b86d6,3cba5ea8-f759-4e76-9a9e-bd5ba79f7624,2026-05-06T09:10:00+09:00,WITHDRAWAL,36100,KRW,쿠팡 4호점,TRUE,TRUE,FALSE,FALSE,RULE,1,MOCK,SCN-07-TXN-0037,2026-05-06T09:10:00+09:00,2026-05-06T09:10:00+09:00
4aa24c68-9ba9-5916-80bb-1493b3160b32,fc9f76d7-d214-5a1a-aee0-da544f8b915c,4d021eb0-0234-5361-99c0-a4d4600b1bce,310a940c-36e7-46ed-a99e-7df310d01459,2026-05-10T19:45:00+09:00,WITHDRAWAL,80600,KRW,학원 7호점,FALSE,FALSE,FALSE,FALSE,RULE,1,MOCK,SCN-07-TXN-0038,2026-05-10T19:45:00+09:00,2026-05-10T19:45:00+09:00
a82abee6-2056-59eb-8bbd-5aca8417b073,fc9f76d7-d214-5a1a-aee0-da544f8b915c,43e6de17-cc73-5997-9da4-be947d0b86d6,310a940c-36e7-46ed-a99e-7df310d01459,2026-05-08T11:50:00+09:00,WITHDRAWAL,1690000,KRW,패스트캠퍼스 4호점,FALSE,TRUE,FALSE,FALSE,RULE,1,MOCK,SCN-07-TXN-0039,2026-05-08T11:50:00+09:00,2026-05-08T11:50:00+09:00
06e7c2f3-2581-51b5-af7d-fac3b46d74e1,fc9f76d7-d214-5a1a-aee0-da544f8b915c,43e6de17-cc73-5997-9da4-be947d0b86d6,3cba5ea8-f759-4e76-9a9e-bd5ba79f7624,2026-05-23T15:40:00+09:00,WITHDRAWAL,82900,KRW,네이버쇼핑 5호점,FALSE,FALSE,FALSE,FALSE,RULE,1,MOCK,SCN-07-TXN-0040,2026-05-23T15:40:00+09:00,2026-05-23T15:40:00+09:00
a36cc729-96e4-5293-9d61-328f670d7c9c,fc9f76d7-d214-5a1a-aee0-da544f8b915c,43e6de17-cc73-5997-9da4-be947d0b86d6,8129b203-806e-4eb0-9c74-64fd570e0a2b,2026-07-10T12:10:00+09:00,WITHDRAWAL,66900,KRW,자격시험원 1호점,FALSE,FALSE,FALSE,FALSE,RULE,1,MOCK,SCN-07-TXN-0041,2026-07-10T12:10:00+09:00,2026-07-10T12:10:00+09:00
383c64db-f2fe-54f7-8b78-c21e53ecafa7,fc9f76d7-d214-5a1a-aee0-da544f8b915c,4d021eb0-0234-5361-99c0-a4d4600b1bce,3cba5ea8-f759-4e76-9a9e-bd5ba79f7624,2026-06-11T16:50:00+09:00,WITHDRAWAL,53600,KRW,쿠팡 4호점,TRUE,FALSE,FALSE,FALSE,RULE,1,MOCK,SCN-07-TXN-0042,2026-06-11T16:50:00+09:00,2026-06-11T16:50:00+09:00
782e8677-8589-5954-a85d-a65406a51cef,fc9f76d7-d214-5a1a-aee0-da544f8b915c,4d021eb0-0234-5361-99c0-a4d4600b1bce,3cba5ea8-f759-4e76-9a9e-bd5ba79f7624,2026-06-06T15:10:00+09:00,WITHDRAWAL,110700,KRW,네이버쇼핑 6호점,TRUE,FALSE,FALSE,FALSE,RULE,1,MOCK,SCN-07-TXN-0043,2026-06-06T15:10:00+09:00,2026-06-06T15:10:00+09:00
d41e854c-41e1-54b2-8c05-d103b2c3f9c1,fc9f76d7-d214-5a1a-aee0-da544f8b915c,43e6de17-cc73-5997-9da4-be947d0b86d6,8129b203-806e-4eb0-9c74-64fd570e0a2b,2026-07-13T09:05:00+09:00,WITHDRAWAL,179400,KRW,자격시험원 4호점,FALSE,FALSE,FALSE,FALSE,RULE,1,MOCK,SCN-07-TXN-0044,2026-07-13T09:05:00+09:00,2026-07-13T09:05:00+09:00
2587821e-2a57-5ac4-bcf8-c4282e10099d,fc9f76d7-d214-5a1a-aee0-da544f8b915c,a7a2f314-cdfd-5119-bbe9-ab95c0d356b7,a8b8023a-b451-4c57-ae64-9d6ceaecb546,2026-05-28T12:45:00+09:00,WITHDRAWAL,25900,KRW,인터파크티켓 1호점,FALSE,FALSE,FALSE,FALSE,RULE,1,MOCK,SCN-07-TXN-0045,2026-05-28T12:45:00+09:00,2026-05-28T12:45:00+09:00
e58e4959-3ecd-59ad-b3f1-b5301d70608a,fc9f76d7-d214-5a1a-aee0-da544f8b915c,43e6de17-cc73-5997-9da4-be947d0b86d6,8092f436-2059-4df5-9387-2a95d266b57c,2026-06-12T13:40:00+09:00,WITHDRAWAL,4800,KRW,스타벅스 3호점,FALSE,TRUE,FALSE,FALSE,RULE,1,MOCK,SCN-07-TXN-0046,2026-06-12T13:40:00+09:00,2026-06-12T13:40:00+09:00
c043cb1d-3bb8-57cd-90c8-f58a48c9917c,fc9f76d7-d214-5a1a-aee0-da544f8b915c,43e6de17-cc73-5997-9da4-be947d0b86d6,1890529a-ef23-49ad-95e4-931d55fc5134,2026-07-12T22:15:00+09:00,WITHDRAWAL,23600,KRW,기타가맹점 4호점,FALSE,FALSE,FALSE,FALSE,RULE,1,MOCK,SCN-07-TXN-0047,2026-07-12T22:15:00+09:00,2026-07-12T22:15:00+09:00
2edb9075-2fcd-5793-8c8c-805e6a5f1607,fc9f76d7-d214-5a1a-aee0-da544f8b915c,a7a2f314-cdfd-5119-bbe9-ab95c0d356b7,3cba5ea8-f759-4e76-9a9e-bd5ba79f7624,2026-06-21T21:50:00+09:00,WITHDRAWAL,49000,KRW,11번가 2호점,FALSE,FALSE,FALSE,FALSE,RULE,1,MOCK,SCN-07-TXN-0048,2026-06-21T21:50:00+09:00,2026-06-21T21:50:00+09:00
b826f6d4-c67b-56fc-b50c-45eaa2ffa901,fc9f76d7-d214-5a1a-aee0-da544f8b915c,43e6de17-cc73-5997-9da4-be947d0b86d6,310a940c-36e7-46ed-a99e-7df310d01459,2026-07-07T18:20:00+09:00,WITHDRAWAL,77100,KRW,패스트캠퍼스 8호점,TRUE,FALSE,FALSE,FALSE,RULE,1,MOCK,SCN-07-TXN-0049,2026-07-07T18:20:00+09:00,2026-07-07T18:20:00+09:00
494b5f00-56d9-533a-b72e-8a556f40e32f,fc9f76d7-d214-5a1a-aee0-da544f8b915c,a7a2f314-cdfd-5119-bbe9-ab95c0d356b7,78ad0112-4e57-4f44-aafc-c32ac479ff8b,2026-06-14T14:10:00+09:00,WITHDRAWAL,35600,KRW,교보문고 4호점,FALSE,FALSE,FALSE,FALSE,RULE,1,MOCK,SCN-07-TXN-0050,2026-06-14T14:10:00+09:00,2026-06-14T14:10:00+09:00
b98a1f33-83d3-5125-a0b0-284dacaee6d5,f36025db-cb52-5db4-bf44-ac1dcc5d4750,31b6aa52-be9d-5e94-ab76-73febdd5f582,47eb65b3-13f8-4e93-b055-9dd0a09bde5b,2026-05-10T11:00:00+09:00,WITHDRAWAL,59500,KRW,파티룸,TRUE,TRUE,FALSE,FALSE,RULE,1,MOCK,SCN-08-TXN-0001,2026-05-10T11:00:00+09:00,2026-05-10T11:00:00+09:00
402088ee-dbb5-53a6-8252-cca6df9aa34c,f36025db-cb52-5db4-bf44-ac1dcc5d4750,1aa76bd6-4cd1-5185-a241-c5ecd1402581,6cc93ee2-deb4-4cab-bc1c-a303141f434e,2026-05-05T16:10:00+09:00,WITHDRAWAL,18500,KRW,한솥도시락,TRUE,FALSE,FALSE,FALSE,RULE,1,MOCK,SCN-08-TXN-0002,2026-05-05T16:10:00+09:00,2026-05-05T16:10:00+09:00
e2058638-b9e0-5661-8c3c-e256de880741,f36025db-cb52-5db4-bf44-ac1dcc5d4750,31b6aa52-be9d-5e94-ab76-73febdd5f582,8092f436-2059-4df5-9387-2a95d266b57c,2026-05-10T21:00:00+09:00,WITHDRAWAL,6700,KRW,스타벅스,FALSE,TRUE,FALSE,FALSE,RULE,1,MOCK,SCN-08-TXN-0003,2026-05-10T21:00:00+09:00,2026-05-10T21:00:00+09:00
a878d0da-4fe2-5f17-9a32-01db862c007a,f36025db-cb52-5db4-bf44-ac1dcc5d4750,1aa76bd6-4cd1-5185-a241-c5ecd1402581,6beaf245-3636-4997-b4ba-fb7a2e94510e,2026-05-09T08:30:00+09:00,WITHDRAWAL,4600,KRW,서울교통공사,TRUE,TRUE,FALSE,FALSE,RULE,1,MOCK,SCN-08-TXN-0004,2026-05-09T08:30:00+09:00,2026-05-09T08:30:00+09:00
1bf91c78-0fa9-5b96-8ca5-3690c60f39f4,f36025db-cb52-5db4-bf44-ac1dcc5d4750,31b6aa52-be9d-5e94-ab76-73febdd5f582,6cc93ee2-deb4-4cab-bc1c-a303141f434e,2026-05-09T21:40:00+09:00,WITHDRAWAL,15400,KRW,한솥도시락,FALSE,FALSE,TRUE,FALSE,RULE,1,MOCK,SCN-08-TXN-0005,2026-05-09T21:40:00+09:00,2026-05-09T21:40:00+09:00
b2f4fc37-6c4b-56d5-be8b-e38f3821183e,f36025db-cb52-5db4-bf44-ac1dcc5d4750,31b6aa52-be9d-5e94-ab76-73febdd5f582,6beaf245-3636-4997-b4ba-fb7a2e94510e,2026-05-07T07:50:00+09:00,WITHDRAWAL,4100,KRW,서울교통공사,TRUE,FALSE,FALSE,FALSE,RULE,1,MOCK,SCN-08-TXN-0006,2026-05-07T07:50:00+09:00,2026-05-07T07:50:00+09:00
72cdc4be-5179-5cf6-8825-dd7ceb57d7b5,f36025db-cb52-5db4-bf44-ac1dcc5d4750,31b6aa52-be9d-5e94-ab76-73febdd5f582,6cc93ee2-deb4-4cab-bc1c-a303141f434e,2026-05-04T16:10:00+09:00,WITHDRAWAL,14700,KRW,동네식당,FALSE,TRUE,FALSE,FALSE,RULE,1,MOCK,SCN-08-TXN-0007,2026-05-04T16:10:00+09:00,2026-05-04T16:10:00+09:00
47888e88-f56e-5380-ae04-a3e642699181,f36025db-cb52-5db4-bf44-ac1dcc5d4750,1aa76bd6-4cd1-5185-a241-c5ecd1402581,8092f436-2059-4df5-9387-2a95d266b57c,2026-05-05T15:10:00+09:00,WITHDRAWAL,6200,KRW,스타벅스,FALSE,TRUE,FALSE,FALSE,RULE,1,MOCK,SCN-08-TXN-0008,2026-05-05T15:10:00+09:00,2026-05-05T15:10:00+09:00
